# Rhino

mtllib SBCAST01.mtl
usemtl diffuse_Black
v -165.737548828125 398.47088623046875 507.375
v -165.21659851074219 395.5164794921875 546.375
v -165.21659851074219 395.5164794921875 507.375
v -165.737548828125 398.47088623046875 546.375
v -228.76524353027344 387.357421875 546.375
v -165.737548828125 398.47088623046875 507.375
v -228.76524353027344 387.357421875 507.375
v -165.737548828125 398.47088623046875 546.375
v -165.21659851074219 395.5164794921875 546.375
v -228.24429321289063 384.40298461914063 507.375
v -165.21659851074219 395.5164794921875 507.375
v -228.24429321289063 384.40298461914063 546.375
v -165.737548828125 398.47088623046875 507.375
v -228.24429321289063 384.40298461914063 507.375
v -228.76524353027344 387.357421875 507.375
v -165.21659851074219 395.5164794921875 507.375
v -165.21659851074219 395.5164794921875 546.375
v -228.76524353027344 387.357421875 546.375
v -228.24429321289063 384.40298461914063 546.375
v -165.737548828125 398.47088623046875 546.375
v -228.76524353027344 387.357421875 546.375
v -228.24429321289063 384.40298461914063 507.375
v -228.24429321289063 384.40298461914063 546.375
v -228.76524353027344 387.357421875 507.375
v -165.737548828125 398.47088623046875 585.375
v -165.21659851074219 395.5164794921875 624.375
v -165.21659851074219 395.5164794921875 585.375
v -165.737548828125 398.47088623046875 624.375
v -228.76524353027344 387.357421875 624.375
v -165.737548828125 398.47088623046875 585.375
v -228.76524353027344 387.357421875 585.375
v -165.737548828125 398.47088623046875 624.375
v -165.21659851074219 395.5164794921875 624.375
v -228.24429321289063 384.40298461914063 585.375
v -165.21659851074219 395.5164794921875 585.375
v -228.24429321289063 384.40298461914063 624.375
v -165.737548828125 398.47088623046875 585.375
v -228.24429321289063 384.40298461914063 585.375
v -228.76524353027344 387.357421875 585.375
v -165.21659851074219 395.5164794921875 585.375
v -165.21659851074219 395.5164794921875 624.375
v -228.76524353027344 387.357421875 624.375
v -228.24429321289063 384.40298461914063 624.375
v -165.737548828125 398.47088623046875 624.375
v -228.76524353027344 387.357421875 624.375
v -228.24429321289063 384.40298461914063 585.375
v -228.24429321289063 384.40298461914063 624.375
v -228.76524353027344 387.357421875 585.375
v -165.737548828125 398.47088623046875 546.375
v -165.21659851074219 395.5164794921875 585.375
v -165.21659851074219 395.5164794921875 546.375
v -165.737548828125 398.47088623046875 585.375
v -228.76524353027344 387.357421875 585.375
v -165.737548828125 398.47088623046875 546.375
v -228.76524353027344 387.357421875 546.375
v -165.737548828125 398.47088623046875 585.375
v -165.21659851074219 395.5164794921875 585.375
v -228.24429321289063 384.40298461914063 546.375
v -165.21659851074219 395.5164794921875 546.375
v -228.24429321289063 384.40298461914063 585.375
v -165.737548828125 398.47088623046875 546.375
v -228.24429321289063 384.40298461914063 546.375
v -228.76524353027344 387.357421875 546.375
v -165.21659851074219 395.5164794921875 546.375
v -165.21659851074219 395.5164794921875 585.375
v -228.76524353027344 387.357421875 585.375
v -228.24429321289063 384.40298461914063 585.375
v -165.737548828125 398.47088623046875 585.375
v -228.76524353027344 387.357421875 585.375
v -228.24429321289063 384.40298461914063 546.375
v -228.24429321289063 384.40298461914063 585.375
v -228.76524353027344 387.357421875 546.375
v -165.737548828125 398.47088623046875 624.375
v -165.21659851074219 395.5164794921875 663.375
v -165.21659851074219 395.5164794921875 624.375
v -165.737548828125 398.47088623046875 663.375
v -228.76524353027344 387.357421875 663.375
v -165.737548828125 398.47088623046875 624.375
v -228.76524353027344 387.357421875 624.375
v -165.737548828125 398.47088623046875 663.375
v -165.21659851074219 395.5164794921875 663.375
v -228.24429321289063 384.40298461914063 624.375
v -165.21659851074219 395.5164794921875 624.375
v -228.24429321289063 384.40298461914063 663.375
v -165.737548828125 398.47088623046875 624.375
v -228.24429321289063 384.40298461914063 624.375
v -228.76524353027344 387.357421875 624.375
v -165.21659851074219 395.5164794921875 624.375
v -165.21659851074219 395.5164794921875 663.375
v -228.76524353027344 387.357421875 663.375
v -228.24429321289063 384.40298461914063 663.375
v -165.737548828125 398.47088623046875 663.375
v -228.76524353027344 387.357421875 663.375
v -228.24429321289063 384.40298461914063 624.375
v -228.24429321289063 384.40298461914063 663.375
v -228.76524353027344 387.357421875 624.375
vn 0.98480725288391113 0.17365099489688873 0
vn 0.98480725288391113 0.17365099489688873 0
vn 0.98480725288391113 0.17365099489688873 0
vn 0.98480725288391113 0.17365099489688873 0
vn -0.17364789545536041 0.98480778932571411 0
vn -0.17364789545536041 0.98480778932571411 0
vn -0.17364789545536041 0.98480778932571411 0
vn -0.17364789545536041 0.98480778932571411 0
vn 0.17364835739135742 -0.98480772972106934 0
vn 0.17364835739135742 -0.98480772972106934 0
vn 0.17364835739135742 -0.98480772972106934 0
vn 0.17364835739135742 -0.98480772972106934 0
vn 0 0 -1
vn 0 0 -1
vn 0 0 -1
vn 0 0 -1
vn 0 0 1
vn 0 0 1
vn 0 0 1
vn 0 0 1
vn -0.98480755090713501 -0.17364925146102905 0
vn -0.98480755090713501 -0.17364925146102905 0
vn -0.98480755090713501 -0.17364925146102905 0
vn -0.98480755090713501 -0.17364925146102905 0
vn 0.98480725288391113 0.17365099489688873 0
vn 0.98480725288391113 0.17365099489688873 0
vn 0.98480725288391113 0.17365099489688873 0
vn 0.98480725288391113 0.17365099489688873 0
vn -0.17364789545536041 0.98480778932571411 0
vn -0.17364789545536041 0.98480778932571411 0
vn -0.17364789545536041 0.98480778932571411 0
vn -0.17364789545536041 0.98480778932571411 0
vn 0.17364835739135742 -0.98480772972106934 0
vn 0.17364835739135742 -0.98480772972106934 0
vn 0.17364835739135742 -0.98480772972106934 0
vn 0.17364835739135742 -0.98480772972106934 0
vn 0 0 -1
vn 0 0 -1
vn 0 0 -1
vn 0 0 -1
vn 0 0 1
vn 0 0 1
vn 0 0 1
vn 0 0 1
vn -0.98480755090713501 -0.17364925146102905 0
vn -0.98480755090713501 -0.17364925146102905 0
vn -0.98480755090713501 -0.17364925146102905 0
vn -0.98480755090713501 -0.17364925146102905 0
vn 0.98480725288391113 0.17365099489688873 0
vn 0.98480725288391113 0.17365099489688873 0
vn 0.98480725288391113 0.17365099489688873 0
vn 0.98480725288391113 0.17365099489688873 0
vn -0.17364789545536041 0.98480778932571411 0
vn -0.17364789545536041 0.98480778932571411 0
vn -0.17364789545536041 0.98480778932571411 0
vn -0.17364789545536041 0.98480778932571411 0
vn 0.17364835739135742 -0.98480772972106934 0
vn 0.17364835739135742 -0.98480772972106934 0
vn 0.17364835739135742 -0.98480772972106934 0
vn 0.17364835739135742 -0.98480772972106934 0
vn 0 0 -1
vn 0 0 -1
vn 0 0 -1
vn 0 0 -1
vn 0 0 1
vn 0 0 1
vn 0 0 1
vn 0 0 1
vn -0.98480755090713501 -0.17364925146102905 0
vn -0.98480755090713501 -0.17364925146102905 0
vn -0.98480755090713501 -0.17364925146102905 0
vn -0.98480755090713501 -0.17364925146102905 0
vn 0.98480725288391113 0.17365099489688873 0
vn 0.98480725288391113 0.17365099489688873 0
vn 0.98480725288391113 0.17365099489688873 0
vn 0.98480725288391113 0.17365099489688873 0
vn -0.17364789545536041 0.98480778932571411 0
vn -0.17364789545536041 0.98480778932571411 0
vn -0.17364789545536041 0.98480778932571411 0
vn -0.17364789545536041 0.98480778932571411 0
vn 0.17364835739135742 -0.98480772972106934 0
vn 0.17364835739135742 -0.98480772972106934 0
vn 0.17364835739135742 -0.98480772972106934 0
vn 0.17364835739135742 -0.98480772972106934 0
vn 0 0 -1
vn 0 0 -1
vn 0 0 -1
vn 0 0 -1
vn 0 0 1
vn 0 0 1
vn 0 0 1
vn 0 0 1
vn -0.98480755090713501 -0.17364925146102905 0
vn -0.98480755090713501 -0.17364925146102905 0
vn -0.98480755090713501 -0.17364925146102905 0
vn -0.98480755090713501 -0.17364925146102905 0
f 2//2 3//3 1//1 4//4
f 6//6 7//7 5//5 8//8
f 10//10 11//11 9//9 12//12
f 14//14 15//15 13//13 16//16
f 18//18 19//19 17//17 20//20
f 22//22 23//23 21//21 24//24
f 26//26 27//27 25//25 28//28
f 30//30 31//31 29//29 32//32
f 34//34 35//35 33//33 36//36
f 38//38 39//39 37//37 40//40
f 42//42 43//43 41//41 44//44
f 46//46 47//47 45//45 48//48
f 50//50 51//51 49//49 52//52
f 54//54 55//55 53//53 56//56
f 58//58 59//59 57//57 60//60
f 62//62 63//63 61//61 64//64
f 66//66 67//67 65//65 68//68
f 70//70 71//71 69//69 72//72
f 74//74 75//75 73//73 76//76
f 78//78 79//79 77//77 80//80
f 82//82 83//83 81//81 84//84
f 86//86 87//87 85//85 88//88
f 90//90 91//91 89//89 92//92
f 94//94 95//95 93//93 96//96
usemtl diffuse_Black
v -374.09918212890625 93.470893859863281 607.999267578125
v -372.09918212890625 1.3458946943283081 607.999267578125
v -374.09918212890625 1.3458946943283081 607.999267578125
v -372.09918212890625 93.470893859863281 607.999267578125
v -372.09918212890625 95.470893859863281 605.999267578125
v -374.09918212890625 -0.65410524606704712 605.999267578125
v -372.09918212890625 -0.65410524606704712 605.999267578125
v -374.09918212890625 95.470893859863281 605.999267578125
v -372.09918212890625 93.470893859863281 646.99932861328125
v -374.09918212890625 1.3458946943283081 646.99932861328125
v -372.09918212890625 1.3458946943283081 646.99932861328125
v -374.09918212890625 93.470893859863281 646.99932861328125
v -374.09918212890625 95.470893859863281 648.99932861328125
v -372.09918212890625 -0.65410524606704712 648.99932861328125
v -374.09918212890625 -0.65410524606704712 648.99932861328125
v -372.09918212890625 -0.65410524606704712 648.99932861328125
v -374.09918212890625 95.470893859863281 648.99932861328125
v -372.09918212890625 95.470893859863281 648.99932861328125
v -374.09918212890625 95.470893859863281 605.999267578125
v -374.09918212890625 93.470893859863281 607.999267578125
v -374.09918212890625 -0.65410524606704712 605.999267578125
v -374.09918212890625 95.470893859863281 648.99932861328125
v -374.09918212890625 93.470893859863281 646.99932861328125
v -374.09918212890625 1.3458946943283081 646.99932861328125
v -374.09918212890625 1.3458946943283081 607.999267578125
v -374.09918212890625 -0.65410524606704712 648.99932861328125
v -372.09918212890625 93.470893859863281 646.99932861328125
v -374.09918212890625 93.470893859863281 607.999267578125
v -374.09918212890625 93.470893859863281 646.99932861328125
v -372.09918212890625 93.470893859863281 607.999267578125
v -372.09918212890625 -0.65410524606704712 648.99932861328125
v -374.09918212890625 -0.65410524606704712 605.999267578125
v -374.09918212890625 -0.65410524606704712 648.99932861328125
v -372.09918212890625 -0.65410524606704712 605.999267578125
v -372.09918212890625 -0.65410524606704712 605.999267578125
v -372.09918212890625 1.3458946943283081 607.999267578125
v -372.09918212890625 95.470893859863281 605.999267578125
v -372.09918212890625 -0.65410524606704712 648.99932861328125
v -372.09918212890625 1.3458946943283081 646.99932861328125
v -372.09918212890625 93.470893859863281 646.99932861328125
v -372.09918212890625 93.470893859863281 607.999267578125
v -372.09918212890625 95.470893859863281 648.99932861328125
v -372.09918212890625 93.470893859863281 646.99932861328125
v -372.09918212890625 -0.65410524606704712 648.99932861328125
v -372.09918212890625 95.470893859863281 605.999267578125
v -374.09918212890625 95.470893859863281 648.99932861328125
v -374.09918212890625 95.470893859863281 605.999267578125
v -372.09918212890625 95.470893859863281 648.99932861328125
v -372.09918212890625 1.3458946943283081 607.999267578125
v -374.09918212890625 1.3458946943283081 646.99932861328125
v -374.09918212890625 1.3458946943283081 607.999267578125
v -372.09918212890625 1.3458946943283081 646.99932861328125
v -374.09918212890625 1.3458946943283081 646.99932861328125
v -374.09918212890625 93.470893859863281 607.999267578125
v -374.09918212890625 1.3458946943283081 607.999267578125
v -374.09918212890625 93.470893859863281 646.99932861328125
vn 0 0 -1
vn 0 0 -1
vn 0 0 -1
vn 0 0 -1
vn 0 0 1
vn 0 0 1
vn 0 0 1
vn 0 0 1
vn 0 0 1
vn 0 0 1
vn 0 0 1
vn 0 0 1
vn 0 0 -1
vn 0 0 -1
vn 0 0 -1
vn 0 0 -1
vn 0 0 -1
vn 0 0 -1
vn 1 0 0
vn 1 0 0
vn 1 0 0
vn 1 0 0
vn 1 0 0
vn 1 0 0
vn 1 0 0
vn 1 0 0
vn 0 1 0
vn 0 1 0
vn 0 1 0
vn 0 1 0
vn 0 1 0
vn 0 1 0
vn 0 1 0
vn 0 1 0
vn -1 0 0
vn -1 0 0
vn -1 0 0
vn -1 0 0
vn -1 0 0
vn -1 0 0
vn -1 0 0
vn -1 0 0
vn -1 0 0
vn -1 0 0
vn 0 -1 0
vn 0 -1 0
vn 0 -1 0
vn 0 -1 0
vn 0 -1 0
vn 0 -1 0
vn 0 -1 0
vn 0 -1 0
vn -1 0 0
vn -1 0 0
vn -1 0 0
vn -1 0 0
f 98//98 99//99 97//97 100//100
f 102//102 103//103 101//101 104//104
f 106//106 107//107 105//105 108//108
f 124//124 125//125 123//123 126//126
f 128//128 129//129 127//127 130//130
f 133//133 131//131 134//134 136//136 135//135 132//132 137//137 139//139 140//140 138//138
f 142//142 143//143 141//141 144//144
f 146//146 147//147 145//145 148//148
f 150//150 151//151 149//149 152//152
f 109//109 110//110 111//111
f 112//112 113//113 114//114
f 115//115 116//116 117//117
f 116//116 115//115 118//118
f 116//116 118//118 119//119
f 119//119 118//118 120//120
f 117//117 121//121 122//122
f 121//121 117//117 116//116
f 122//122 121//121 120//120
f 122//122 120//120 118//118
usemtl diffuse_Black
v -372.09918212890625 93.470893859863281 562.99920654296875
v -370.09918212890625 1.3458946943283081 562.99920654296875
v -372.09918212890625 1.3458946943283081 562.99920654296875
v -370.09918212890625 93.470893859863281 562.99920654296875
v -370.09918212890625 95.470893859863281 564.99920654296875
v -372.09918212890625 -0.65410524606704712 564.99920654296875
v -370.09918212890625 -0.65410524606704712 564.99920654296875
v -372.09918212890625 95.470893859863281 564.99920654296875
v -370.09918212890625 93.470893859863281 523.9991455078125
v -372.09918212890625 1.3458946943283081 523.9991455078125
v -370.09918212890625 1.3458946943283081 523.9991455078125
v -372.09918212890625 93.470893859863281 523.9991455078125
v -372.09918212890625 95.470893859863281 521.9991455078125
v -370.09918212890625 -0.65410524606704712 521.9991455078125
v -372.09918212890625 -0.65410524606704712 521.9991455078125
v -370.09918212890625 -0.65410524606704712 521.9991455078125
v -372.09918212890625 95.470893859863281 521.9991455078125
v -370.09918212890625 95.470893859863281 521.9991455078125
v -370.09918212890625 -0.65410524606704712 564.99920654296875
v -370.09918212890625 1.3458946943283081 562.99920654296875
v -370.09918212890625 95.470893859863281 564.99920654296875
v -370.09918212890625 -0.65410524606704712 521.9991455078125
v -370.09918212890625 1.3458946943283081 523.9991455078125
v -370.09918212890625 93.470893859863281 523.9991455078125
v -370.09918212890625 93.470893859863281 562.99920654296875
v -370.09918212890625 95.470893859863281 521.9991455078125
v -370.09918212890625 1.3458946943283081 562.99920654296875
v -372.09918212890625 1.3458946943283081 523.9991455078125
v -372.09918212890625 1.3458946943283081 562.99920654296875
v -370.09918212890625 1.3458946943283081 523.9991455078125
v -370.09918212890625 -0.65410524606704712 521.9991455078125
v -372.09918212890625 -0.65410524606704712 564.99920654296875
v -372.09918212890625 -0.65410524606704712 521.9991455078125
v -370.09918212890625 -0.65410524606704712 564.99920654296875
v -370.09918212890625 95.470893859863281 564.99920654296875
v -372.09918212890625 95.470893859863281 521.9991455078125
v -372.09918212890625 95.470893859863281 564.99920654296875
v -372.09918212890625 95.470893859863281 521.9991455078125
v -370.09918212890625 95.470893859863281 564.99920654296875
v -370.09918212890625 95.470893859863281 521.9991455078125
v -372.09918212890625 95.470893859863281 564.99920654296875
v -372.09918212890625 93.470893859863281 562.99920654296875
v -372.09918212890625 -0.65410524606704712 564.99920654296875
v -372.09918212890625 95.470893859863281 521.9991455078125
v -372.09918212890625 93.470893859863281 523.9991455078125
v -372.09918212890625 1.3458946943283081 523.9991455078125
v -372.09918212890625 1.3458946943283081 562.99920654296875
v -372.09918212890625 -0.65410524606704712 521.9991455078125
v -370.09918212890625 93.470893859863281 523.9991455078125
v -372.09918212890625 93.470893859863281 562.99920654296875
v -372.09918212890625 93.470893859863281 523.9991455078125
v -370.09918212890625 93.470893859863281 562.99920654296875
v -372.09918212890625 1.3458946943283081 523.9991455078125
v -372.09918212890625 93.470893859863281 562.99920654296875
v -372.09918212890625 1.3458946943283081 562.99920654296875
v -372.09918212890625 93.470893859863281 523.9991455078125
v -372.09918212890625 93.470893859863281 566.99920654296875
v -370.09918212890625 1.3458946943283081 566.99920654296875
v -372.09918212890625 1.3458946943283081 566.99920654296875
v -370.09918212890625 93.470893859863281 566.99920654296875
v -370.09918212890625 95.470893859863281 564.99920654296875
v -372.09918212890625 -0.65410524606704712 564.99920654296875
v -370.09918212890625 -0.65410524606704712 564.99920654296875
v -372.09918212890625 -0.65410524606704712 564.99920654296875
v -370.09918212890625 95.470893859863281 564.99920654296875
v -372.09918212890625 95.470893859863281 564.99920654296875
v -370.09918212890625 93.470893859863281 605.999267578125
v -372.09918212890625 1.3458946943283081 605.999267578125
v -370.09918212890625 1.3458946943283081 605.999267578125
v -372.09918212890625 93.470893859863281 605.999267578125
v -372.09918212890625 95.470893859863281 607.999267578125
v -370.09918212890625 -0.65410524606704712 607.999267578125
v -372.09918212890625 -0.65410524606704712 607.999267578125
v -370.09918212890625 95.470893859863281 607.999267578125
v -370.09918212890625 -0.65410524606704712 564.99920654296875
v -370.09918212890625 1.3458946943283081 566.99920654296875
v -370.09918212890625 95.470893859863281 564.99920654296875
v -370.09918212890625 -0.65410524606704712 607.999267578125
v -370.09918212890625 1.3458946943283081 605.999267578125
v -370.09918212890625 93.470893859863281 605.999267578125
v -370.09918212890625 93.470893859863281 566.99920654296875
v -370.09918212890625 95.470893859863281 607.999267578125
v -370.09918212890625 1.3458946943283081 566.99920654296875
v -372.09918212890625 1.3458946943283081 605.999267578125
v -372.09918212890625 1.3458946943283081 566.99920654296875
v -370.09918212890625 1.3458946943283081 605.999267578125
v -370.09918212890625 -0.65410524606704712 607.999267578125
v -372.09918212890625 -0.65410524606704712 564.99920654296875
v -372.09918212890625 -0.65410524606704712 607.999267578125
v -370.09918212890625 -0.65410524606704712 564.99920654296875
v -370.09918212890625 95.470893859863281 564.99920654296875
v -372.09918212890625 95.470893859863281 607.999267578125
v -372.09918212890625 95.470893859863281 564.99920654296875
v -370.09918212890625 95.470893859863281 607.999267578125
v -372.09918212890625 95.470893859863281 564.99920654296875
v -372.09918212890625 93.470893859863281 566.99920654296875
v -372.09918212890625 -0.65410524606704712 564.99920654296875
v -372.09918212890625 95.470893859863281 607.999267578125
v -372.09918212890625 93.470893859863281 605.999267578125
v -372.09918212890625 1.3458946943283081 605.999267578125
v -372.09918212890625 1.3458946943283081 566.99920654296875
v -372.09918212890625 -0.65410524606704712 607.999267578125
v -370.09918212890625 93.470893859863281 605.999267578125
v -372.09918212890625 93.470893859863281 566.99920654296875
v -372.09918212890625 93.470893859863281 605.999267578125
v -370.09918212890625 93.470893859863281 566.99920654296875
v -372.09918212890625 1.3458946943283081 605.999267578125
v -372.09918212890625 93.470893859863281 566.99920654296875
v -372.09918212890625 1.3458946943283081 566.99920654296875
v -372.09918212890625 93.470893859863281 605.999267578125
vn 0 0 -1
vn 0 0 -1
vn 0 0 -1
vn 0 0 -1
vn 0 0 1
vn 0 0 1
vn 0 0 1
vn 0 0 1
vn 0 0 1
vn 0 0 1
vn 0 0 1
vn 0 0 1
vn 0 0 -1
vn 0 0 -1
vn 0 0 -1
vn 0 0 -1
vn 0 0 -1
vn 0 0 -1
vn 1 0 0
vn 1 0 0
vn 1 0 0
vn 1 0 0
vn 1 0 0
vn 1 0 0
vn 1 0 0
vn 1 0 0
vn 0 1 0
vn 0 1 0
vn 0 1 0
vn 0 1 0
vn 0 -1 0
vn 0 -1 0
vn 0 -1 0
vn 0 -1 0
vn 0 1 0
vn 0 1 0
vn 0 1 0
vn 0 1 0
vn 0 1 0
vn 0 1 0
vn -1 0 0
vn -1 0 0
vn -1 0 0
vn -1 0 0
vn -1 0 0
vn -1 0 0
vn -1 0 0
vn -1 0 0
vn 0 -1 0
vn 0 -1 0
vn 0 -1 0
vn 0 -1 0
vn 1 0 0
vn 1 0 0
vn 1 0 0
vn 1 0 0
vn 0 0 -1
vn 0 0 -1
vn 0 0 -1
vn 0 0 -1
vn 0 0 1
vn 0 0 1
vn 0 0 1
vn 0 0 1
vn 0 0 1
vn 0 0 1
vn 0 0 1
vn 0 0 1
vn 0 0 1
vn 0 0 1
vn 0 0 -1
vn 0 0 -1
vn 0 0 -1
vn 0 0 -1
vn -1 0 0
vn -1 0 0
vn -1 0 0
vn -1 0 0
vn -1 0 0
vn -1 0 0
vn -1 0 0
vn -1 0 0
vn 0 -1 0
vn 0 -1 0
vn 0 -1 0
vn 0 -1 0
vn 0 1 0
vn 0 1 0
vn 0 1 0
vn 0 1 0
vn 0 -1 0
vn 0 -1 0
vn 0 -1 0
vn 0 -1 0
vn 1 0 0
vn 1 0 0
vn 1 0 0
vn 1 0 0
vn 1 0 0
vn 1 0 0
vn 1 0 0
vn 1 0 0
vn 0 1 0
vn 0 1 0
vn 0 1 0
vn 0 1 0
vn -1 0 0
vn -1 0 0
vn -1 0 0
vn -1 0 0
f 154//154 155//155 153//153 156//156
f 158//158 159//159 157//157 160//160
f 162//162 163//163 161//161 164//164
f 180//180 181//181 179//179 182//182
f 184//184 185//185 183//183 186//186
f 202//202 203//203 201//201 204//204
f 206//206 207//207 205//205 208//208
f 210//210 211//211 209//209 212//212
f 220//220 221//221 219//219 222//222
f 224//224 225//225 223//223 226//226
f 236//236 237//237 235//235 238//238
f 240//240 241//241 239//239 242//242
f 244//244 245//245 243//243 246//246
f 256//256 257//257 255//255 258//258
f 260//260 261//261 259//259 262//262
f 165//165 166//166 167//167
f 168//168 169//169 170//170
f 171//171 172//172 173//173
f 172//172 171//171 174//174
f 172//172 174//174 175//175
f 175//175 174//174 176//176
f 173//173 177//177 178//178
f 177//177 173//173 172//172
f 178//178 177//177 176//176
f 178//178 176//176 174//174
f 187//187 188//188 189//189
f 190//190 191//191 192//192
f 193//193 194//194 195//195
f 194//194 193//193 196//196
f 194//194 196//196 197//197
f 197//197 196//196 198//198
f 195//195 199//199 200//200
f 199//199 195//195 194//194
f 200//200 199//199 198//198
f 200//200 198//198 196//196
f 213//213 214//214 215//215
f 216//216 217//217 218//218
f 227//227 228//228 229//229
f 228//228 227//227 230//230
f 228//228 230//230 231//231
f 231//231 230//230 232//232
f 229//229 233//233 234//234
f 233//233 229//229 228//228
f 234//234 233//233 232//232
f 234//234 232//232 230//230
f 247//247 248//248 249//249
f 248//248 247//247 250//250
f 248//248 250//250 251//251
f 251//251 250//250 252//252
f 249//249 253//253 254//254
f 253//253 249//249 248//248
f 254//254 253//253 252//252
f 254//254 252//252 250//250
usemtl diffuse_Black
v -374.09918212890625 93.470893859863281 521.9991455078125
v -372.09918212890625 1.3458946943283081 521.9991455078125
v -374.09918212890625 1.3458946943283081 521.9991455078125
v -372.09918212890625 93.470893859863281 521.9991455078125
v -372.09918212890625 95.470893859863281 523.9991455078125
v -374.09918212890625 -0.65410524606704712 523.9991455078125
v -372.09918212890625 -0.65410524606704712 523.9991455078125
v -374.09918212890625 95.470893859863281 523.9991455078125
v -372.09918212890625 93.470893859863281 482.99905395507813
v -374.09918212890625 1.3458946943283081 482.99905395507813
v -372.09918212890625 1.3458946943283081 482.99905395507813
v -374.09918212890625 93.470893859863281 482.99905395507813
v -374.09918212890625 95.470893859863281 480.99905395507813
v -372.09918212890625 -0.65410524606704712 480.99905395507813
v -374.09918212890625 -0.65410524606704712 480.99905395507813
v -372.09918212890625 -0.65410524606704712 480.99905395507813
v -374.09918212890625 95.470893859863281 480.99905395507813
v -372.09918212890625 95.470893859863281 480.99905395507813
v -374.09918212890625 95.470893859863281 523.9991455078125
v -374.09918212890625 93.470893859863281 521.9991455078125
v -374.09918212890625 -0.65410524606704712 523.9991455078125
v -374.09918212890625 95.470893859863281 480.99905395507813
v -374.09918212890625 93.470893859863281 482.99905395507813
v -374.09918212890625 1.3458946943283081 482.99905395507813
v -374.09918212890625 1.3458946943283081 521.9991455078125
v -374.09918212890625 -0.65410524606704712 480.99905395507813
v -372.09918212890625 93.470893859863281 482.99905395507813
v -374.09918212890625 93.470893859863281 521.9991455078125
v -374.09918212890625 93.470893859863281 482.99905395507813
v -372.09918212890625 93.470893859863281 521.9991455078125
v -372.09918212890625 -0.65410524606704712 480.99905395507813
v -374.09918212890625 -0.65410524606704712 523.9991455078125
v -374.09918212890625 -0.65410524606704712 480.99905395507813
v -372.09918212890625 -0.65410524606704712 523.9991455078125
v -372.09918212890625 -0.65410524606704712 523.9991455078125
v -372.09918212890625 1.3458946943283081 521.9991455078125
v -372.09918212890625 95.470893859863281 523.9991455078125
v -372.09918212890625 -0.65410524606704712 480.99905395507813
v -372.09918212890625 1.3458946943283081 482.99905395507813
v -372.09918212890625 93.470893859863281 482.99905395507813
v -372.09918212890625 93.470893859863281 521.9991455078125
v -372.09918212890625 95.470893859863281 480.99905395507813
v -372.09918212890625 93.470893859863281 482.99905395507813
v -372.09918212890625 -0.65410524606704712 480.99905395507813
v -372.09918212890625 95.470893859863281 523.9991455078125
v -374.09918212890625 95.470893859863281 480.99905395507813
v -374.09918212890625 95.470893859863281 523.9991455078125
v -372.09918212890625 95.470893859863281 480.99905395507813
v -372.09918212890625 1.3458946943283081 521.9991455078125
v -374.09918212890625 1.3458946943283081 482.99905395507813
v -374.09918212890625 1.3458946943283081 521.9991455078125
v -372.09918212890625 1.3458946943283081 482.99905395507813
v -374.09918212890625 1.3458946943283081 482.99905395507813
v -374.09918212890625 93.470893859863281 521.9991455078125
v -374.09918212890625 1.3458946943283081 521.9991455078125
v -374.09918212890625 93.470893859863281 482.99905395507813
vn 0 0 -1
vn 0 0 -1
vn 0 0 -1
vn 0 0 -1
vn 0 0 1
vn 0 0 1
vn 0 0 1
vn 0 0 1
vn 0 0 1
vn 0 0 1
vn 0 0 1
vn 0 0 1
vn 0 0 -1
vn 0 0 -1
vn 0 0 -1
vn 0 0 -1
vn 0 0 -1
vn 0 0 -1
vn -1 0 0
vn -1 0 0
vn -1 0 0
vn -1 0 0
vn -1 0 0
vn -1 0 0
vn -1 0 0
vn -1 0 0
vn 0 -1 0
vn 0 -1 0
vn 0 -1 0
vn 0 -1 0
vn 0 -1 0
vn 0 -1 0
vn 0 -1 0
vn 0 -1 0
vn 1 0 0
vn 1 0 0
vn 1 0 0
vn 1 0 0
vn 1 0 0
vn 1 0 0
vn 1 0 0
vn 1 0 0
vn 1 0 0
vn 1 0 0
vn 0 1 0
vn 0 1 0
vn 0 1 0
vn 0 1 0
vn 0 1 0
vn 0 1 0
vn 0 1 0
vn 0 1 0
vn 1 0 0
vn 1 0 0
vn 1 0 0
vn 1 0 0
f 264//264 265//265 263//263 266//266
f 268//268 269//269 267//267 270//270
f 272//272 273//273 271//271 274//274
f 290//290 291//291 289//289 292//292
f 294//294 295//295 293//293 296//296
f 299//299 297//297 300//300 302//302 301//301 298//298 303//303 305//305 306//306 304//304
f 308//308 309//309 307//307 310//310
f 312//312 313//313 311//311 314//314
f 316//316 317//317 315//315 318//318
f 275//275 276//276 277//277
f 278//278 279//279 280//280
f 281//281 282//282 283//283
f 282//282 281//281 284//284
f 282//282 284//284 285//285
f 285//285 284//284 286//286
f 283//283 287//287 288//288
f 287//287 283//283 282//282
f 288//288 287//287 286//286
f 288//288 286//286 284//284
usemtl diffuse_Black
v -277.1485595703125 -0.65410524606704712 458
v -277.1485595703125 95.345893859863281 456
v -277.1485595703125 -0.65410524606704712 456
v -277.1485595703125 95.345893859863281 458
v -279.1485595703125 93.345893859863281 458
v -279.1485595703125 1.3458946943283081 456
v -279.1485595703125 93.345893859863281 456
v -279.1485595703125 1.3458946943283081 458
v -326.1485595703125 95.345893859863281 458
v -326.1485595703125 -0.65410524606704712 456
v -326.1485595703125 95.345893859863281 456
v -326.1485595703125 -0.65410524606704712 458
v -324.1485595703125 1.3458946943283081 458
v -324.1485595703125 93.345893859863281 456
v -324.1485595703125 1.3458946943283081 456
v -324.1485595703125 93.345893859863281 458
v -277.1485595703125 -0.65410524606704712 456
v -279.1485595703125 1.3458946943283081 456
v -326.1485595703125 -0.65410524606704712 456
v -277.1485595703125 95.345893859863281 456
v -279.1485595703125 93.345893859863281 456
v -324.1485595703125 93.345893859863281 456
v -324.1485595703125 1.3458946943283081 456
v -326.1485595703125 95.345893859863281 456
v -277.1485595703125 -0.65410524606704712 458
v -326.1485595703125 -0.65410524606704712 456
v -326.1485595703125 -0.65410524606704712 458
v -277.1485595703125 -0.65410524606704712 456
v -279.1485595703125 1.3458946943283081 456
v -324.1485595703125 1.3458946943283081 458
v -324.1485595703125 1.3458946943283081 456
v -279.1485595703125 1.3458946943283081 458
v -277.1485595703125 95.345893859863281 456
v -326.1485595703125 95.345893859863281 458
v -326.1485595703125 95.345893859863281 456
v -277.1485595703125 95.345893859863281 458
v -326.1485595703125 -0.65410524606704712 458
v -324.1485595703125 1.3458946943283081 458
v -277.1485595703125 -0.65410524606704712 458
v -326.1485595703125 95.345893859863281 458
v -324.1485595703125 93.345893859863281 458
v -279.1485595703125 93.345893859863281 458
v -279.1485595703125 1.3458946943283081 458
v -277.1485595703125 95.345893859863281 458
v -279.1485595703125 93.345893859863281 458
v -324.1485595703125 93.345893859863281 456
v -324.1485595703125 93.345893859863281 458
v -279.1485595703125 93.345893859863281 456
v -324.1485595703125 93.345893859863281 458
v -279.1485595703125 1.3458946943283081 458
v -324.1485595703125 1.3458946943283081 458
v -279.1485595703125 93.345893859863281 458
vn -1 0 0
vn -1 0 0
vn -1 0 0
vn -1 0 0
vn 1 0 0
vn 1 0 0
vn 1 0 0
vn 1 0 0
vn 1 0 0
vn 1 0 0
vn 1 0 0
vn 1 0 0
vn -1 0 0
vn -1 0 0
vn -1 0 0
vn -1 0 0
vn 0 0 1
vn 0 0 1
vn 0 0 1
vn 0 0 1
vn 0 0 1
vn 0 0 1
vn 0 0 1
vn 0 0 1
vn 0 1 0
vn 0 1 0
vn 0 1 0
vn 0 1 0
vn 0 -1 0
vn 0 -1 0
vn 0 -1 0
vn 0 -1 0
vn 0 -1 0
vn 0 -1 0
vn 0 -1 0
vn 0 -1 0
vn 0 0 -1
vn 0 0 -1
vn 0 0 -1
vn 0 0 -1
vn 0 0 -1
vn 0 0 -1
vn 0 0 -1
vn 0 0 -1
vn 0 1 0
vn 0 1 0
vn 0 1 0
vn 0 1 0
vn 0 0 -1
vn 0 0 -1
vn 0 0 -1
vn 0 0 -1
f 320//320 321//321 319//319 322//322
f 324//324 325//325 323//323 326//326
f 328//328 329//329 327//327 330//330
f 332//332 333//333 331//331 334//334
f 344//344 345//345 343//343 346//346
f 348//348 349//349 347//347 350//350
f 352//352 353//353 351//351 354//354
f 364//364 365//365 363//363 366//366
f 368//368 369//369 367//367 370//370
f 335//335 336//336 337//337
f 336//336 335//335 338//338
f 336//336 338//338 339//339
f 339//339 338//338 340//340
f 337//337 341//341 342//342
f 341//341 337//337 336//336
f 342//342 341//341 340//340
f 342//342 340//340 338//338
f 355//355 356//356 357//357
f 356//356 355//355 358//358
f 356//356 358//358 359//359
f 359//359 358//358 360//360
f 357//357 361//361 362//362
f 361//361 357//357 356//356
f 362//362 361//361 360//360
f 362//362 360//360 358//358
usemtl diffuse_Black
v -230.1485595703125 -0.65410524606704712 460
v -230.1485595703125 95.345893859863281 458
v -230.1485595703125 -0.65410524606704712 458
v -230.1485595703125 95.345893859863281 460
v -232.1485595703125 93.345893859863281 460
v -232.1485595703125 1.3458946943283081 458
v -232.1485595703125 93.345893859863281 458
v -232.1485595703125 1.3458946943283081 460
v -279.1485595703125 95.345893859863281 460
v -279.1485595703125 -0.65410524606704712 458
v -279.1485595703125 95.345893859863281 458
v -279.1485595703125 -0.65410524606704712 460
v -277.1485595703125 1.3458946943283081 460
v -277.1485595703125 93.345893859863281 458
v -277.1485595703125 1.3458946943283081 458
v -277.1485595703125 93.345893859863281 460
v -279.1485595703125 -0.65410524606704712 460
v -277.1485595703125 1.3458946943283081 460
v -230.1485595703125 -0.65410524606704712 460
v -279.1485595703125 95.345893859863281 460
v -277.1485595703125 93.345893859863281 460
v -232.1485595703125 93.345893859863281 460
v -230.1485595703125 -0.65410524606704712 460
v -232.1485595703125 1.3458946943283081 460
v -230.1485595703125 95.345893859863281 460
v -230.1485595703125 95.345893859863281 458
v -279.1485595703125 95.345893859863281 460
v -279.1485595703125 95.345893859863281 458
v -230.1485595703125 95.345893859863281 460
v -232.1485595703125 1.3458946943283081 458
v -277.1485595703125 1.3458946943283081 460
v -277.1485595703125 1.3458946943283081 458
v -232.1485595703125 1.3458946943283081 460
v -232.1485595703125 93.345893859863281 460
v -277.1485595703125 93.345893859863281 458
v -277.1485595703125 93.345893859863281 460
v -232.1485595703125 93.345893859863281 458
v -230.1485595703125 -0.65410524606704712 460
v -279.1485595703125 -0.65410524606704712 458
v -279.1485595703125 -0.65410524606704712 460
v -230.1485595703125 -0.65410524606704712 458
v -230.1485595703125 -0.65410524606704712 458
v -232.1485595703125 1.3458946943283081 458
v -279.1485595703125 -0.65410524606704712 458
v -230.1485595703125 95.345893859863281 458
v -230.1485595703125 95.345893859863281 458
v -232.1485595703125 93.345893859863281 458
v -277.1485595703125 93.345893859863281 458
v -277.1485595703125 1.3458946943283081 458
v -279.1485595703125 95.345893859863281 458
v -277.1485595703125 93.345893859863281 460
v -232.1485595703125 1.3458946943283081 460
v -277.1485595703125 1.3458946943283081 460
v -232.1485595703125 93.345893859863281 460
v -181.1485595703125 -0.65410524606704712 458
v -181.1485595703125 95.345893859863281 460
v -181.1485595703125 -0.65410524606704712 460
v -181.1485595703125 95.345893859863281 458
v -183.1485595703125 93.345893859863281 458
v -183.1485595703125 1.3458946943283081 460
v -183.1485595703125 93.345893859863281 460
v -183.1485595703125 1.3458946943283081 458
v -230.1485595703125 95.345893859863281 458
v -230.1485595703125 -0.65410524606704712 460
v -230.1485595703125 95.345893859863281 460
v -230.1485595703125 -0.65410524606704712 460
v -230.1485595703125 95.345893859863281 458
v -230.1485595703125 -0.65410524606704712 458
v -228.1485595703125 1.3458946943283081 458
v -228.1485595703125 93.345893859863281 460
v -228.1485595703125 1.3458946943283081 460
v -228.1485595703125 93.345893859863281 458
v -181.1485595703125 -0.65410524606704712 460
v -183.1485595703125 1.3458946943283081 460
v -230.1485595703125 -0.65410524606704712 460
v -181.1485595703125 95.345893859863281 460
v -183.1485595703125 93.345893859863281 460
v -228.1485595703125 93.345893859863281 460
v -228.1485595703125 1.3458946943283081 460
v -230.1485595703125 95.345893859863281 460
v -181.1485595703125 -0.65410524606704712 458
v -230.1485595703125 -0.65410524606704712 460
v -230.1485595703125 -0.65410524606704712 458
v -181.1485595703125 -0.65410524606704712 460
v -183.1485595703125 1.3458946943283081 460
v -228.1485595703125 1.3458946943283081 458
v -228.1485595703125 1.3458946943283081 460
v -183.1485595703125 1.3458946943283081 458
v -181.1485595703125 95.345893859863281 460
v -230.1485595703125 95.345893859863281 458
v -230.1485595703125 95.345893859863281 460
v -181.1485595703125 95.345893859863281 458
v -230.1485595703125 -0.65410524606704712 458
v -228.1485595703125 1.3458946943283081 458
v -181.1485595703125 -0.65410524606704712 458
v -230.1485595703125 95.345893859863281 458
v -228.1485595703125 93.345893859863281 458
v -183.1485595703125 93.345893859863281 458
v -183.1485595703125 1.3458946943283081 458
v -181.1485595703125 95.345893859863281 458
v -183.1485595703125 93.345893859863281 458
v -228.1485595703125 93.345893859863281 460
v -228.1485595703125 93.345893859863281 458
v -183.1485595703125 93.345893859863281 460
v -228.1485595703125 93.345893859863281 458
v -183.1485595703125 1.3458946943283081 458
v -228.1485595703125 1.3458946943283081 458
v -183.1485595703125 93.345893859863281 458
vn -1 0 0
vn -1 0 0
vn -1 0 0
vn -1 0 0
vn 1 0 0
vn 1 0 0
vn 1 0 0
vn 1 0 0
vn 1 0 0
vn 1 0 0
vn 1 0 0
vn 1 0 0
vn -1 0 0
vn -1 0 0
vn -1 0 0
vn -1 0 0
vn 0 0 -1
vn 0 0 -1
vn 0 0 -1
vn 0 0 -1
vn 0 0 -1
vn 0 0 -1
vn 0 0 -1
vn 0 0 -1
vn 0 0 -1
vn 0 -1 0
vn 0 -1 0
vn 0 -1 0
vn 0 -1 0
vn 0 -1 0
vn 0 -1 0
vn 0 -1 0
vn 0 -1 0
vn 0 1 0
vn 0 1 0
vn 0 1 0
vn 0 1 0
vn 0 1 0
vn 0 1 0
vn 0 1 0
vn 0 1 0
vn 0 0 1
vn 0 0 1
vn 0 0 1
vn 0 0 1
vn 0 0 1
vn 0 0 1
vn 0 0 1
vn 0 0 1
vn 0 0 1
vn 0 0 -1
vn 0 0 -1
vn 0 0 -1
vn 0 0 -1
vn 1 0 0
vn 1 0 0
vn 1 0 0
vn 1 0 0
vn -1 0 0
vn -1 0 0
vn -1 0 0
vn -1 0 0
vn -1 0 0
vn -1 0 0
vn -1 0 0
vn -1 0 0
vn -1 0 0
vn -1 0 0
vn 1 0 0
vn 1 0 0
vn 1 0 0
vn 1 0 0
vn 0 0 1
vn 0 0 1
vn 0 0 1
vn 0 0 1
vn 0 0 1
vn 0 0 1
vn 0 0 1
vn 0 0 1
vn 0 -1 0
vn 0 -1 0
vn 0 -1 0
vn 0 -1 0
vn 0 1 0
vn 0 1 0
vn 0 1 0
vn 0 1 0
vn 0 1 0
vn 0 1 0
vn 0 1 0
vn 0 1 0
vn 0 0 -1
vn 0 0 -1
vn 0 0 -1
vn 0 0 -1
vn 0 0 -1
vn 0 0 -1
vn 0 0 -1
vn 0 0 -1
vn 0 -1 0
vn 0 -1 0
vn 0 -1 0
vn 0 -1 0
vn 0 0 -1
vn 0 0 -1
vn 0 0 -1
vn 0 0 -1
f 372//372 373//373 371//371 374//374
f 376//376 377//377 375//375 378//378
f 380//380 381//381 379//379 382//382
f 384//384 385//385 383//383 386//386
f 389//389 387//387 390//390 395//395 393//393 394//394 392//392 391//391 388//388 394//394
f 397//397 398//398 396//396 399//399
f 401//401 402//402 400//400 403//403
f 405//405 406//406 404//404 407//407
f 409//409 410//410 408//408 411//411
f 414//414 412//412 415//415 413//413 419//419 418//418 417//417 413//413 416//416 420//420
f 422//422 423//423 421//421 424//424
f 426//426 427//427 425//425 428//428
f 430//430 431//431 429//429 432//432
f 440//440 441//441 439//439 442//442
f 452//452 453//453 451//451 454//454
f 456//456 457//457 455//455 458//458
f 460//460 461//461 459//459 462//462
f 472//472 473//473 471//471 474//474
f 476//476 477//477 475//475 478//478
f 433//433 434//434 435//435
f 436//436 437//437 438//438
f 443//443 444//444 445//445
f 444//444 443//443 446//446
f 444//444 446//446 447//447
f 447//447 446//446 448//448
f 445//445 449//449 450//450
f 449//449 445//445 444//444
f 450//450 449//449 448//448
f 450//450 448//448 446//446
f 463//463 464//464 465//465
f 464//464 463//463 466//466
f 464//464 466//466 467//467
f 467//467 466//466 468//468
f 465//465 469//469 470//470
f 469//469 465//465 464//464
f 470//470 469//469 468//468
f 470//470 468//468 466//466
usemtl diffuse_Black
v -95.498397827148438 132.33634948730469 463.25
v -134.1485595703125 -0.65410524606704712 463.25
v -95.498397827148438 -0.65410524606704712 463.25
v -95.498397827148438 132.33634948730469 463.25
v -134.1485595703125 95.345893859863281 463.25
v -95.498397827148438 132.33634948730469 463.25
v -326.1485595703125 95.345893859863281 463.25
v -95.498397827148438 356.47088623046875 463.25
v -110.14798736572266 228.97296142578125 463.25
v -95.498397827148438 228.97296142578125 463.25
v -95.498397827148438 356.47088623046875 463.25
v -134.09877014160156 274.0787353515625 463.25
v -230.099365234375 228.97296142578125 463.25
v -278.099365234375 228.97296142578125 463.25
v -95.498397827148438 356.47088623046875 463.25
v -134.09877014160156 322.0787353515625 463.25
v -95.498397827148438 356.47088623046875 463.25
v -182.09877014160156 322.0787353515625 463.25
v -95.498397827148438 356.47088623046875 463.25
v -278.09942626953125 340.97732543945313 463.25
v -95.498397827148438 356.47088623046875 463.25
v -350.09942626953125 340.97732543945313 463.25
v -85.848678588867188 398.47088623046875 463.25
v -95.498397827148438 356.47088623046875 463.25
v -85.848678588867188 356.47088623046875 463.25
v -326.1485595703125 -0.65410524606704712 463.25
v -366.59918212890625 398.47088623046875 463.25
v -366.59918212890625 -0.65410524606704712 463.25
v -350.09942626953125 316.97732543945313 463.25
v -278.099365234375 156.97296142578125 463.25
v -110.14798736572266 132.33634948730469 463.25
v -230.099365234375 156.97296142578125 463.25
v -182.09877014160156 274.0787353515625 463.25
v -278.09942626953125 316.97732543945313 463.25
v -95.498397827148438 398.47088623046875 663.375
v -95.498397827148438 326.47088623046875 640.78411865234375
v -95.498397827148438 -0.65410524606704712 663.375
v -95.498397827148438 398.47088623046875 492.75265502929688
v -95.498397827148438 326.47088623046875 600.71697998046875
v -95.498397827148438 335.47088623046875 551.999267578125
v -95.498397827148438 244.47090148925781 600.71697998046875
v -95.498397827148438 214.47090148925781 600.71697998046875
v -95.498397827148438 132.47090148925781 600.71697998046875
v -95.498397827148438 335.47088623046875 503.999267578125
v -95.498397827148438 311.47088623046875 503.999267578125
v -95.498397827148438 356.47088623046875 463.25
v -95.498397827148438 228.97296142578125 479.499267578125
v -95.498397827148438 356.47088623046875 492.75265502929688
v -95.498397827148438 228.97296142578125 463.25
v -95.498397827148438 132.47090148925781 640.78411865234375
v -95.498397827148438 -0.65410524606704712 623.342529296875
v -95.498397827148438 132.47090148925781 640.78411865234375
v -95.498397827148438 326.47088623046875 640.78411865234375
v -95.498397827148438 244.47090148925781 640.78411865234375
v -95.498397827148438 132.47090148925781 640.78411865234375
v -95.498397827148438 244.47090148925781 640.78411865234375
v -95.498397827148438 214.47090148925781 640.78411865234375
v -95.498397827148438 -0.65410524606704712 463.25
v -95.498397827148438 311.47088623046875 551.999267578125
v -95.498397827148438 311.47088623046875 503.999267578125
v -95.498397827148438 132.33634948730469 479.499267578125
v -95.498397827148438 132.33634948730469 463.25
v -95.498397827148438 214.47090148925781 640.78411865234375
v -95.498397827148438 244.47090148925781 640.78411865234375
v -366.59918212890625 398.47088623046875 663.375
v -350.09918212890625 -0.65410524606704712 663.375
v -366.59918212890625 -0.65410524606704712 663.375
v -350.09918212890625 116.96415710449219 663.375
v -278.11099243164063 116.96415710449219 663.375
v -254.09918212890625 168.48118591308594 663.375
v -254.09918212890625 183.02191162109375 663.375
v -254.09918212890625 280.49072265625 663.375
v -134.04849243164063 183.02191162109375 663.375
v -254.09918212890625 295.03146362304688 663.375
v -134.09918212890625 295.03146362304688 663.375
v -278.11099243164063 116.96415710449219 663.375
v -95.498397827148438 -0.65410524606704712 663.375
v -278.11099243164063 -0.65410524606704712 663.375
v -134.04849243164063 168.48118591308594 663.375
v -95.498397827148438 398.47088623046875 663.375
v -134.04849243164063 183.02191162109375 663.375
v -95.498397827148438 398.47088623046875 663.375
v -134.09918212890625 280.49072265625 663.375
v -366.59918212890625 95.470893859863281 648.99932861328125
v -366.59918212890625 180.90220642089844 636.99932861328125
v -366.59918212890625 299.22088623046875 648.99908447265625
v -366.59918212890625 95.470893859863281 648.99932861328125
v -366.59918212890625 95.470893859863281 480.99905395507813
v -366.59918212890625 180.90220642089844 624.99932861328125
v -366.59918212890625 156.90220642089844 552.99932861328125
v -366.59918212890625 228.90220642089844 624.99932861328125
v -366.59918212890625 299.22088623046875 624.99908447265625
v -366.59918212890625 323.22088623046875 624.99908447265625
v -366.59918212890625 156.90220642089844 480.99932861328125
v -366.59918212890625 228.90220642089844 480.99932861328125
v -366.59918212890625 268.83352661132813 480.99932861328125
v -366.59918212890625 340.83352661132813 480.99932861328125
v -366.59918212890625 -0.65410524606704712 463.25
v -366.59918212890625 -0.65410524606704712 480.99905395507813
v -366.59918212890625 -0.65410524606704712 648.99932861328125
v -366.59918212890625 398.47088623046875 663.375
v -366.59918212890625 -0.65410524606704712 663.375
v -366.59918212890625 95.470893859863281 648.99932861328125
v -366.59918212890625 323.22088623046875 648.99908447265625
v -366.59918212890625 398.47088623046875 463.25
v -366.59918212890625 323.22088623046875 624.99908447265625
v -366.59918212890625 340.83352661132813 552.99932861328125
v -366.59918212890625 228.90220642089844 552.99932861328125
v -366.59918212890625 340.83352661132813 552.99932861328125
v -366.59918212890625 228.90220642089844 552.99932861328125
v -366.59918212890625 268.83352661132813 552.99932861328125
v -366.59918212890625 268.83352661132813 552.99932861328125
v -366.59918212890625 228.90220642089844 552.99932861328125
v -366.59918212890625 228.90220642089844 636.99932861328125
v -382.09918212890625 268.83352661132813 552.99932861328125
v -366.59918212890625 268.83352661132813 480.99932861328125
v -382.09918212890625 268.83352661132813 480.99932861328125
v -366.59918212890625 268.83352661132813 552.99932861328125
v -382.09918212890625 268.83352661132813 552.99932861328125
v -366.59918212890625 340.83352661132813 552.99932861328125
v -366.59918212890625 268.83352661132813 552.99932861328125
v -382.09918212890625 340.83352661132813 552.99932861328125
v -366.59918212890625 340.83352661132813 480.99932861328125
v -382.09918212890625 340.83352661132813 552.99932861328125
v -382.09918212890625 340.83352661132813 480.99932861328125
v -366.59918212890625 340.83352661132813 552.99932861328125
v -366.59918212890625 340.83352661132813 480.99932861328125
v -382.09918212890625 268.83352661132813 480.99932861328125
v -366.59918212890625 268.83352661132813 480.99932861328125
v -382.09918212890625 340.83352661132813 480.99932861328125
v -382.09918212890625 345.83352661132813 557.99932861328125
v -382.09918212890625 340.83352661132813 552.99932861328125
v -382.09918212890625 263.83352661132813 557.99932861328125
v -382.09918212890625 345.83352661132813 475.99932861328125
v -382.09918212890625 340.83352661132813 480.99932861328125
v -382.09918212890625 268.83352661132813 480.99932861328125
v -382.09918212890625 268.83352661132813 552.99932861328125
v -382.09918212890625 263.83352661132813 475.99932861328125
v -382.09918212890625 263.83352661132813 475.99932861328125
v -373.22418212890625 343.26220703125 475.99932861328125
v -373.22418212890625 263.83352661132813 475.99932861328125
v -382.09918212890625 345.83352661132813 475.99932861328125
v -373.22418212890625 345.83352661132813 475.99932861328125
v -373.22418212890625 263.83352661132813 475.99932861328125
v -382.09918212890625 263.83352661132813 557.99932861328125
v -382.09918212890625 263.83352661132813 475.99932861328125
v -373.22418212890625 263.83352661132813 557.99932861328125
v -373.22418212890625 228.90220642089844 552.99932861328125
v -366.59918212890625 156.90220642089844 552.99932861328125
v -373.22418212890625 156.90220642089844 552.99932861328125
v -366.59918212890625 228.90220642089844 552.99932861328125
v -366.59918212890625 228.90220642089844 480.99932861328125
v -373.22418212890625 228.90220642089844 552.99932861328125
v -373.22418212890625 228.90220642089844 480.99932861328125
v -366.59918212890625 228.90220642089844 552.99932861328125
v -366.59918212890625 228.90220642089844 480.99932861328125
v -373.22418212890625 156.90220642089844 480.99932861328125
v -366.59918212890625 156.90220642089844 480.99932861328125
v -373.22418212890625 228.90220642089844 480.99932861328125
v -373.22418212890625 156.90220642089844 552.99932861328125
v -366.59918212890625 156.90220642089844 480.99932861328125
v -373.22418212890625 156.90220642089844 480.99932861328125
v -366.59918212890625 156.90220642089844 552.99932861328125
v -366.59918212890625 228.90220642089844 624.99932861328125
v -374.09918212890625 180.90220642089844 624.99932861328125
v -366.59918212890625 180.90220642089844 624.99932861328125
v -374.09918212890625 228.90220642089844 624.99932861328125
v -366.59918212890625 180.90220642089844 636.99932861328125
v -374.09918212890625 180.90220642089844 624.99932861328125
v -374.09918212890625 180.90220642089844 636.99932861328125
v -366.59918212890625 180.90220642089844 624.99932861328125
v -374.09918212890625 228.90220642089844 636.99932861328125
v -366.59918212890625 180.90220642089844 636.99932861328125
v -374.09918212890625 180.90220642089844 636.99932861328125
v -366.59918212890625 228.90220642089844 636.99932861328125
v -366.59918212890625 228.90220642089844 624.99932861328125
v -374.09918212890625 228.90220642089844 636.99932861328125
v -374.09918212890625 228.90220642089844 624.99932861328125
v -366.59918212890625 228.90220642089844 636.99932861328125
v -373.22418212890625 95.470893859863281 648.99932861328125
v -366.59918212890625 -0.65410524606704712 648.99932861328125
v -373.22418212890625 -0.65410524606704712 648.99932861328125
v -366.59918212890625 95.470893859863281 648.99932861328125
v -366.59918212890625 95.470893859863281 480.99905395507813
v -373.22418212890625 95.470893859863281 648.99932861328125
v -373.22418212890625 95.470893859863281 480.99905395507813
v -366.59918212890625 95.470893859863281 648.99932861328125
v -366.59918212890625 95.470893859863281 480.99905395507813
v -373.22418212890625 -0.65410524606704712 480.99905395507813
v -366.59918212890625 -0.65410524606704712 480.99905395507813
v -373.22418212890625 95.470893859863281 480.99905395507813
v -366.59918212890625 -0.65410524606704712 663.375
v -350.09918212890625 -0.65410524606704712 671.125
v -373.22418212890625 -0.65410524606704712 671.125
v -350.09918212890625 -0.65410524606704712 663.375
v -366.59918212890625 -0.65410524606704712 648.99932861328125
v -373.22418212890625 -0.65410524606704712 648.99932861328125
v -134.09877014160156 274.0787353515625 463.25
v -182.09877014160156 274.0787353515625 456.875
v -182.09877014160156 274.0787353515625 463.25
v -134.09877014160156 274.0787353515625 456.875
v -182.09877014160156 274.0787353515625 456.875
v -182.09877014160156 322.0787353515625 463.25
v -182.09877014160156 274.0787353515625 463.25
v -182.09877014160156 322.0787353515625 456.875
v -134.09877014160156 322.0787353515625 456.875
v -182.09877014160156 322.0787353515625 463.25
v -182.09877014160156 322.0787353515625 456.875
v -134.09877014160156 322.0787353515625 463.25
v -134.09877014160156 322.0787353515625 456.875
v -134.09877014160156 274.0787353515625 463.25
v -134.09877014160156 322.0787353515625 463.25
v -134.09877014160156 274.0787353515625 456.875
v -350.09942626953125 316.97732543945313 456.875
v -350.09942626953125 340.97732543945313 463.25
v -350.09942626953125 316.97732543945313 463.25
v -350.09942626953125 340.97732543945313 456.875
v -278.09942626953125 340.97732543945313 456.875
v -350.09942626953125 340.97732543945313 463.25
v -350.09942626953125 340.97732543945313 456.875
v -278.09942626953125 340.97732543945313 463.25
v -278.09942626953125 340.97732543945313 456.875
v -278.09942626953125 316.97732543945313 463.25
v -278.09942626953125 340.97732543945313 463.25
v -278.09942626953125 316.97732543945313 456.875
v -278.09942626953125 316.97732543945313 463.25
v -350.09942626953125 316.97732543945313 456.875
v -350.09942626953125 316.97732543945313 463.25
v -278.09942626953125 316.97732543945313 456.875
v -134.09918212890625 295.03146362304688 663.375
v -254.09918212890625 295.03146362304688 671.125
v -254.09918212890625 295.03146362304688 663.375
v -134.09918212890625 295.03146362304688 671.125
v -254.09918212890625 280.49072265625 663.375
v -254.09918212890625 295.03146362304688 671.125
v -254.09918212890625 280.49072265625 671.125
v -254.09918212890625 295.03146362304688 663.375
v -134.09918212890625 280.49072265625 671.125
v -254.09918212890625 280.49072265625 663.375
v -254.09918212890625 280.49072265625 671.125
v -134.09918212890625 280.49072265625 663.375
v -134.09918212890625 295.03146362304688 663.375
v -134.09918212890625 280.49072265625 671.125
v -134.09918212890625 295.03146362304688 671.125
v -134.09918212890625 280.49072265625 663.375
v -230.099365234375 228.97296142578125 456.875
v -278.099365234375 228.97296142578125 463.25
v -278.099365234375 228.97296142578125 456.875
v -230.099365234375 228.97296142578125 463.25
v -230.099365234375 228.97296142578125 456.875
v -230.099365234375 156.97296142578125 463.25
v -230.099365234375 228.97296142578125 463.25
v -230.099365234375 156.97296142578125 456.875
v -230.099365234375 156.97296142578125 463.25
v -278.099365234375 156.97296142578125 456.875
v -278.099365234375 156.97296142578125 463.25
v -230.099365234375 156.97296142578125 456.875
v -278.099365234375 156.97296142578125 456.875
v -278.099365234375 228.97296142578125 463.25
v -278.099365234375 156.97296142578125 463.25
v -278.099365234375 228.97296142578125 456.875
v -326.1485595703125 -0.65410524606704712 456.875
v -326.1485595703125 95.345893859863281 463.25
v -326.1485595703125 -0.65410524606704712 463.25
v -326.1485595703125 95.345893859863281 456.875
v -134.1485595703125 95.345893859863281 456.875
v -326.1485595703125 95.345893859863281 463.25
v -326.1485595703125 95.345893859863281 456.875
v -134.1485595703125 95.345893859863281 463.25
v -134.1485595703125 95.345893859863281 456.875
v -134.1485595703125 -0.65410524606704712 463.25
v -134.1485595703125 95.345893859863281 463.25
v -134.1485595703125 -0.65410524606704712 456.875
v -326.1485595703125 -0.65410524606704712 456.875
v -366.59918212890625 -0.65410524606704712 463.25
v -373.22418212890625 -0.65410524606704712 456.875
v -326.1485595703125 -0.65410524606704712 463.25
v -366.59918212890625 -0.65410524606704712 480.99905395507813
v -373.22418212890625 -0.65410524606704712 480.99905395507813
v -85.848678588867188 228.97296142578125 456.875
v -110.14798736572266 228.97296142578125 463.25
v -110.14798736572266 228.97296142578125 456.875
v -95.498397827148438 228.97296142578125 463.25
v -85.848678588867188 228.97296142578125 456.875
v -95.498397827148438 228.97296142578125 479.499267578125
v -85.848678588867188 228.97296142578125 479.499267578125
v -85.848678588867188 132.33634948730469 479.499267578125
v -95.498397827148438 132.33634948730469 463.25
v -95.498397827148438 132.33634948730469 479.499267578125
v -95.498397827148438 132.33634948730469 463.25
v -110.14798736572266 132.33634948730469 456.875
v -110.14798736572266 132.33634948730469 463.25
v -85.848678588867188 132.33634948730469 456.875
v -110.14798736572266 132.33634948730469 456.875
v -110.14798736572266 228.97296142578125 463.25
v -110.14798736572266 132.33634948730469 463.25
v -110.14798736572266 228.97296142578125 456.875
v -95.498397827148438 228.97296142578125 479.499267578125
v -85.848678588867188 132.33634948730469 479.499267578125
v -95.498397827148438 132.33634948730469 479.499267578125
v -85.848678588867188 228.97296142578125 479.499267578125
v -85.848678588867188 311.47088623046875 503.999267578125
v -95.498397827148438 335.47088623046875 503.999267578125
v -95.498397827148438 311.47088623046875 503.999267578125
v -85.848678588867188 335.47088623046875 503.999267578125
v -85.848678588867188 335.47088623046875 503.999267578125
v -95.498397827148438 335.47088623046875 551.999267578125
v -95.498397827148438 335.47088623046875 503.999267578125
v -85.848678588867188 335.47088623046875 551.999267578125
v -95.498397827148438 335.47088623046875 551.999267578125
v -85.848678588867188 311.47088623046875 551.999267578125
v -95.498397827148438 311.47088623046875 551.999267578125
v -85.848678588867188 335.47088623046875 551.999267578125
v -95.498397827148438 311.47088623046875 551.999267578125
v -85.848678588867188 311.47088623046875 503.999267578125
v -95.498397827148438 311.47088623046875 503.999267578125
v -85.848678588867188 311.47088623046875 551.999267578125
v -85.848678588867188 244.47090148925781 640.78411865234375
v -95.498397827148438 244.47090148925781 600.71697998046875
v -95.498397827148438 244.47090148925781 640.78411865234375
v -85.848678588867188 244.47090148925781 600.71697998046875
v -85.848678588867188 244.47090148925781 600.71697998046875
v -95.498397827148438 326.47088623046875 600.71697998046875
v -95.498397827148438 244.47090148925781 600.71697998046875
v -85.848678588867188 326.47088623046875 600.71697998046875
v -85.848678588867188 326.47088623046875 600.71697998046875
v -95.498397827148438 326.47088623046875 640.78411865234375
v -95.498397827148438 326.47088623046875 600.71697998046875
v -85.848678588867188 326.47088623046875 640.78411865234375
v -95.498397827148438 326.47088623046875 640.78411865234375
v -85.848678588867188 244.47090148925781 640.78411865234375
v -95.498397827148438 244.47090148925781 640.78411865234375
v -85.848678588867188 326.47088623046875 640.78411865234375
v -85.848678588867188 132.47090148925781 640.78411865234375
v -95.498397827148438 132.47090148925781 600.71697998046875
v -95.498397827148438 132.47090148925781 640.78411865234375
v -85.848678588867188 132.47090148925781 600.71697998046875
v -85.848678588867188 214.47090148925781 600.71697998046875
v -95.498397827148438 132.47090148925781 600.71697998046875
v -85.848678588867188 132.47090148925781 600.71697998046875
v -95.498397827148438 214.47090148925781 600.71697998046875
v -85.848678588867188 214.47090148925781 600.71697998046875
v -95.498397827148438 214.47090148925781 640.78411865234375
v -95.498397827148438 214.47090148925781 600.71697998046875
v -85.848678588867188 214.47090148925781 640.78411865234375
v -95.498397827148438 214.47090148925781 640.78411865234375
v -85.848678588867188 132.47090148925781 640.78411865234375
v -95.498397827148438 132.47090148925781 640.78411865234375
v -85.848678588867188 214.47090148925781 640.78411865234375
v -134.04849243164063 183.02191162109375 663.375
v -134.04849243164063 168.48118591308594 671.125
v -134.04849243164063 183.02191162109375 671.125
v -134.04849243164063 168.48118591308594 663.375
v -134.04849243164063 183.02191162109375 663.375
v -254.09918212890625 183.02191162109375 671.125
v -254.09918212890625 183.02191162109375 663.375
v -134.04849243164063 183.02191162109375 671.125
v -254.09918212890625 168.48118591308594 663.375
v -254.09918212890625 183.02191162109375 671.125
v -254.09918212890625 168.48118591308594 671.125
v -254.09918212890625 183.02191162109375 663.375
v -134.04849243164063 168.48118591308594 671.125
v -254.09918212890625 168.48118591308594 663.375
v -254.09918212890625 168.48118591308594 671.125
v -134.04849243164063 168.48118591308594 663.375
v -278.11099243164063 116.96415710449219 671.125
v -278.11099243164063 -0.65410524606704712 663.375
v -278.11099243164063 -0.65410524606704712 671.125
v -278.11099243164063 116.96415710449219 663.375
v -278.11099243164063 116.96415710449219 663.375
v -350.09918212890625 116.96415710449219 671.125
v -350.09918212890625 116.96415710449219 663.375
v -278.11099243164063 116.96415710449219 671.125
v -350.09918212890625 -0.65410524606704712 663.375
v -350.09918212890625 116.96415710449219 671.125
v -350.09918212890625 -0.65410524606704712 671.125
v -350.09918212890625 116.96415710449219 663.375
v -85.848678588867188 -0.65410524606704712 456.875
v -134.1485595703125 -0.65410524606704712 463.25
v -134.1485595703125 -0.65410524606704712 456.875
v -95.498397827148438 -0.65410524606704712 463.25
v -85.848678588867188 -0.65410524606704712 623.342529296875
v -95.498397827148438 -0.65410524606704712 623.342529296875
v -85.848678588867188 356.47088623046875 492.75265502929688
v -95.498397827148438 356.47088623046875 463.25
v -95.498397827148438 356.47088623046875 492.75265502929688
v -85.848678588867188 356.47088623046875 463.25
v -95.498397827148438 398.47088623046875 492.75265502929688
v -85.848678588867188 356.47088623046875 492.75265502929688
v -95.498397827148438 356.47088623046875 492.75265502929688
v -85.848678588867188 398.47088623046875 492.75265502929688
v -85.848678588867188 228.97296142578125 458
v -110.14798736572266 228.97296142578125 456
v -110.14798736572266 228.97296142578125 458
v -85.848678588867188 228.97296142578125 456
v -87.848678588867188 226.97296142578125 456
v -108.14798736572266 226.97296142578125 458
v -108.14798736572266 226.97296142578125 456
v -87.848678588867188 226.97296142578125 458
v -110.14798736572266 228.97296142578125 456
v -110.14798736572266 132.33634948730469 458
v -110.14798736572266 228.97296142578125 458
v -110.14798736572266 132.33634948730469 456
v -85.848678588867188 132.33634948730469 458
v -87.848678588867188 134.33634948730469 458
v -110.14798736572266 132.33634948730469 458
v -85.848678588867188 228.97296142578125 458
v -87.848678588867188 226.97296142578125 458
v -108.14798736572266 226.97296142578125 458
v -108.14798736572266 134.33634948730469 458
v -110.14798736572266 228.97296142578125 458
v -87.848678588867188 134.33634948730469 458
v -108.14798736572266 134.33634948730469 456
v -108.14798736572266 134.33634948730469 458
v -87.848678588867188 134.33634948730469 456
v -108.14798736572266 134.33634948730469 456
v -108.14798736572266 226.97296142578125 458
v -108.14798736572266 134.33634948730469 458
v -108.14798736572266 226.97296142578125 456
v -85.848678588867188 132.33634948730469 456
v -85.848678588867188 228.97296142578125 458
v -85.848678588867188 132.33634948730469 458
v -85.848678588867188 228.97296142578125 456
v -87.848678588867188 226.97296142578125 456
v -87.848678588867188 134.33634948730469 458
v -87.848678588867188 226.97296142578125 458
v -87.848678588867188 134.33634948730469 456
v -85.848678588867188 132.33634948730469 456
v -110.14798736572266 132.33634948730469 458
v -110.14798736572266 132.33634948730469 456
v -85.848678588867188 132.33634948730469 458
v -110.14798736572266 132.33634948730469 456
v -108.14798736572266 134.33634948730469 456
v -85.848678588867188 132.33634948730469 456
v -110.14798736572266 228.97296142578125 456
v -108.14798736572266 226.97296142578125 456
v -87.848678588867188 226.97296142578125 456
v -87.848678588867188 134.33634948730469 456
v -85.848678588867188 228.97296142578125 456
v -108.14798736572266 226.97296142578125 456
v -87.848678588867188 134.33634948730469 456
v -108.14798736572266 134.33634948730469 456
v -87.848678588867188 226.97296142578125 456
v -85.848678588867188 326.47088623046875 640.78411865234375
v -85.848678588867188 398.47088623046875 671.125
v -85.848678588867188 326.47088623046875 671.125
v -85.848678588867188 398.47088623046875 492.75265502929688
v -85.848678588867188 326.47088623046875 600.71697998046875
v -85.848678588867188 335.47088623046875 551.999267578125
v -85.848678588867188 311.47088623046875 551.999267578125
v -85.848678588867188 335.47088623046875 503.999267578125
v -85.848678588867188 214.47090148925781 600.71697998046875
v -85.848678588867188 244.47090148925781 640.78411865234375
v -85.848678588867188 214.47090148925781 640.78411865234375
v -85.848678588867188 244.47090148925781 600.71697998046875
v -85.848678588867188 81.345893859863281 623.342529296875
v -85.848678588867188 132.47090148925781 640.78411865234375
v -85.848678588867188 81.345893859863281 663.40966796875
v -85.848678588867188 132.47090148925781 600.71697998046875
v -85.848678588867188 -0.65410524606704712 663.40966796875
v -85.848678588867188 -0.65410524606704712 671.125
v -85.848678588867188 326.47088623046875 640.78411865234375
v -85.848678588867188 132.47090148925781 640.78411865234375
v -85.848678588867188 214.47090148925781 640.78411865234375
v -85.848678588867188 326.47088623046875 640.78411865234375
v -85.848678588867188 214.47090148925781 640.78411865234375
v -85.848678588867188 244.47090148925781 640.78411865234375
v -85.848678588867188 -0.65410524606704712 456.875
v -85.848678588867188 -0.65410524606704712 623.342529296875
v -85.848678588867188 -0.65410524606704712 456.875
v -85.848678588867188 -0.65410524606704712 456.875
v -85.848678588867188 132.33634948730469 479.499267578125
v -85.848678588867188 311.47088623046875 503.999267578125
v -85.848678588867188 356.47088623046875 492.75265502929688
v -85.848678588867188 132.33634948730469 456.875
v -85.848678588867188 228.97296142578125 479.499267578125
v -85.848678588867188 356.47088623046875 463.25
v -85.848678588867188 228.97296142578125 456.875
v -85.848678588867188 398.47088623046875 456.875
v -85.848678588867188 398.47088623046875 463.25
v -95.498397827148438 -0.65410524606704712 663.375
v -95.498397827148438 81.345893859863281 663.40966796875
v -95.498397827148438 -0.65410524606704712 663.40966796875
v -95.498397827148438 81.345893859863281 623.342529296875
v -95.498397827148438 -0.65410524606704712 623.342529296875
v -85.848678588867188 81.345893859863281 623.342529296875
v -95.498397827148438 81.345893859863281 663.40966796875
v -95.498397827148438 81.345893859863281 623.342529296875
v -85.848678588867188 81.345893859863281 663.40966796875
v -95.498397827148438 81.345893859863281 663.40966796875
v -85.848678588867188 -0.65410524606704712 663.40966796875
v -95.498397827148438 -0.65410524606704712 663.40966796875
v -85.848678588867188 81.345893859863281 663.40966796875
v -85.848678588867188 81.345893859863281 623.342529296875
v -95.498397827148438 -0.65410524606704712 623.342529296875
v -85.848678588867188 -0.65410524606704712 623.342529296875
v -95.498397827148438 81.345893859863281 623.342529296875
v -95.498397827148438 -0.65410524606704712 663.375
v -278.11099243164063 -0.65410524606704712 671.125
v -278.11099243164063 -0.65410524606704712 663.375
v -95.498397827148438 -0.65410524606704712 663.40966796875
v -85.848678588867188 -0.65410524606704712 671.125
v -85.848678588867188 -0.65410524606704712 663.40966796875
v -86.098678588867188 326.22088623046875 672
v -133.79849243164063 168.73118591308594 672
v -86.098678588867188 168.73118591308594 672
v -86.098678588867188 326.22088623046875 672
v -133.79849243164063 183.27191162109375 672
v -86.098678588867188 326.22088623046875 672
v -133.84918212890625 183.27191162109375 672
v -86.098678588867188 326.22088623046875 672
v -133.84918212890625 280.49072265625 672
v -86.098678588867188 326.22088623046875 672
v -133.84918212890625 295.03146362304688 672
v -133.84918212890625 326.22088623046875 672
v -86.098678588867188 398.22088623046875 672
v -133.84918212890625 326.72088623046875 672
v -86.098678588867188 326.72088623046875 672
v -133.84918212890625 398.22088623046875 672
v -134.34918212890625 326.47088623046875 672
v -254.09918212890625 295.28146362304688 672
v -134.34918212890625 295.28146362304688 672
v -134.34918212890625 326.47088623046875 672
v -373.84918212890625 295.28146362304688 672
v -134.34918212890625 326.47088623046875 672
v -373.84918212890625 398.22088623046875 672
v -134.34918212890625 398.22088623046875 672
v -254.34918212890625 183.02191162109375 672
v -278.11099243164063 168.73118591308594 672
v -254.34918212890625 168.73118591308594 672
v -254.34918212890625 183.02191162109375 672
v -373.84918212890625 168.73118591308594 672
v -254.34918212890625 183.02191162109375 672
v -373.84918212890625 294.78146362304688 672
v -254.34918212890625 280.49072265625 672
v -254.34918212890625 294.78146362304688 672
v -134.34918212890625 183.27191162109375 672
v -253.84918212890625 280.24072265625 672
v -253.84918212890625 183.27191162109375 672
v -134.34918212890625 280.24072265625 672
v -86.098678588867188 168.23118591308594 672
v -277.86099243164063 -0.40410527586936951 672
v -86.098678588867188 -0.40410527586936951 672
v -86.098678588867188 168.23118591308594 672
v -277.86099243164063 116.96415710449219 672
v -254.09918212890625 168.23118591308594 672
v -277.86099243164063 168.23118591308594 672
v -254.09918212890625 168.23118591308594 672
v -86.098678588867188 168.23118591308594 672
v -134.04849243164063 168.23118591308594 672
v -278.36099243164063 168.23118591308594 672
v -350.34918212890625 117.21415710449219 672
v -278.36099243164063 117.21415710449219 672
v -373.84918212890625 -0.40410527586936951 672
v -350.34918212890625 -0.40410527586936951 672
v -373.84918212890625 168.23118591308594 672
v -134.34918212890625 398.22088623046875 672
v -373.84918212890625 398.22088623046875 671.125
v -373.84918212890625 398.22088623046875 672
v -373.22418212890625 398.22088623046875 671.125
v -134.34918212890625 398.22088623046875 671.125
v -134.34918212890625 326.47088623046875 671.125
v -134.34918212890625 398.22088623046875 672
v -134.34918212890625 326.47088623046875 672
v -134.34918212890625 398.22088623046875 671.125
v -134.34918212890625 295.28146362304688 672
v -134.34918212890625 295.28146362304688 671.125
v -134.34918212890625 295.28146362304688 671.125
v -254.09918212890625 295.28146362304688 672
v -254.09918212890625 295.28146362304688 671.125
v -134.34918212890625 295.28146362304688 672
v -373.22418212890625 295.28146362304688 671.125
v -373.84918212890625 295.28146362304688 672
v -373.84918212890625 295.28146362304688 671.125
v -373.84918212890625 398.22088623046875 671.125
v -373.84918212890625 295.28146362304688 672
v -373.84918212890625 398.22088623046875 672
v -373.84918212890625 295.28146362304688 671.125
v -254.09918212890625 183.02191162109375 672
v -134.04849243164063 183.02191162109375 672
v -134.04849243164063 168.48118591308594 672
v -134.04849243164063 183.02191162109375 672
v -134.04849243164063 168.48118591308594 672
v -254.09918212890625 168.48118591308594 672
v -254.09918212890625 183.02191162109375 672
v -254.09918212890625 168.48118591308594 672
v -373.22418212890625 -0.40410527586936951 671.125
v -373.84918212890625 -0.40410527586936951 672
v -373.84918212890625 -0.40410527586936951 671.125
v -350.34918212890625 -0.40410527586936951 672
v -350.34918212890625 -0.40410527586936951 671.125
v -373.84918212890625 168.23118591308594 671.125
v -373.84918212890625 -0.40410527586936951 672
v -373.84918212890625 168.23118591308594 672
v -373.84918212890625 -0.40410527586936951 671.125
v -278.36099243164063 168.23118591308594 672
v -373.84918212890625 168.23118591308594 671.125
v -373.84918212890625 168.23118591308594 672
v -373.22418212890625 168.23118591308594 671.125
v -278.36099243164063 168.23118591308594 671.125
v -278.36099243164063 117.21415710449219 671.125
v -278.36099243164063 168.23118591308594 672
v -278.36099243164063 117.21415710449219 672
v -278.36099243164063 168.23118591308594 671.125
v -278.36099243164063 117.21415710449219 671.125
v -350.34918212890625 117.21415710449219 672
v -350.34918212890625 117.21415710449219 671.125
v -278.36099243164063 117.21415710449219 672
v -350.34918212890625 -0.40410527586936951 671.125
v -350.34918212890625 117.21415710449219 672
v -350.34918212890625 -0.40410527586936951 672
v -350.34918212890625 117.21415710449219 671.125
v -254.34918212890625 280.49072265625 671.125
v -254.34918212890625 294.78146362304688 672
v -254.34918212890625 280.49072265625 672
v -254.34918212890625 294.78146362304688 671.125
v -254.34918212890625 183.02191162109375 671.125
v -254.34918212890625 183.02191162109375 672
v -254.34918212890625 168.73118591308594 671.125
v -254.34918212890625 183.02191162109375 672
v -254.34918212890625 168.73118591308594 672
v -254.34918212890625 168.73118591308594 671.125
v -278.11099243164063 168.73118591308594 672
v -278.11099243164063 168.73118591308594 671.125
v -254.34918212890625 168.73118591308594 672
v -373.22418212890625 168.73118591308594 671.125
v -373.84918212890625 168.73118591308594 672
v -373.84918212890625 168.73118591308594 671.125
v -373.84918212890625 294.78146362304688 672
v -373.84918212890625 168.73118591308594 671.125
v -373.84918212890625 168.73118591308594 672
v -373.84918212890625 294.78146362304688 671.125
v -254.34918212890625 294.78146362304688 672
v -373.84918212890625 294.78146362304688 671.125
v -373.84918212890625 294.78146362304688 672
v -373.22418212890625 294.78146362304688 671.125
v -254.34918212890625 294.78146362304688 671.125
v -86.098678588867188 -0.40410527586936951 671.125
v -277.86099243164063 -0.40410527586936951 672
v -277.86099243164063 -0.40410527586936951 671.125
v -86.098678588867188 -0.40410527586936951 672
v -277.86099243164063 116.96415710449219 672
v -277.86099243164063 -0.40410527586936951 671.125
v -277.86099243164063 -0.40410527586936951 672
v -277.86099243164063 116.96415710449219 671.125
v -277.86099243164063 168.23118591308594 671.125
v -277.86099243164063 168.23118591308594 672
v -254.09918212890625 168.23118591308594 672
v -277.86099243164063 168.23118591308594 671.125
v -277.86099243164063 168.23118591308594 672
v -254.09918212890625 168.23118591308594 671.125
v -134.04849243164063 168.23118591308594 672
v -134.04849243164063 168.23118591308594 671.125
v -86.098678588867188 168.23118591308594 672
v -86.098678588867188 168.23118591308594 671.125
v -86.098678588867188 -0.40410527586936951 671.125
v -86.098678588867188 168.23118591308594 672
v -86.098678588867188 -0.40410527586936951 672
v -86.098678588867188 168.23118591308594 671.125
v -134.34918212890625 280.24072265625 672
v -253.84918212890625 280.24072265625 671.125
v -253.84918212890625 280.24072265625 672
v -134.34918212890625 280.24072265625 671.125
v -134.34918212890625 183.27191162109375 671.125
v -134.34918212890625 280.24072265625 672
v -134.34918212890625 183.27191162109375 672
v -134.34918212890625 280.24072265625 671.125
v -134.34918212890625 183.27191162109375 671.125
v -253.84918212890625 183.27191162109375 672
v -253.84918212890625 183.27191162109375 671.125
v -134.34918212890625 183.27191162109375 672
v -253.84918212890625 280.24072265625 672
v -253.84918212890625 183.27191162109375 671.125
v -253.84918212890625 183.27191162109375 672
v -253.84918212890625 280.24072265625 671.125
v -133.84918212890625 326.22088623046875 671.125
v -133.84918212890625 295.03146362304688 672
v -133.84918212890625 326.22088623046875 672
v -133.84918212890625 295.03146362304688 671.125
v -86.098678588867188 326.22088623046875 672
v -133.84918212890625 326.22088623046875 671.125
v -133.84918212890625 326.22088623046875 672
v -133.84918212890625 326.22088623046875 671.125
v -86.098678588867188 326.22088623046875 672
v -86.098678588867188 326.22088623046875 671.125
v -86.098678588867188 168.73118591308594 671.125
v -86.098678588867188 326.22088623046875 672
v -86.098678588867188 168.73118591308594 672
v -86.098678588867188 326.22088623046875 671.125
v -86.098678588867188 168.73118591308594 671.125
v -133.79849243164063 168.73118591308594 672
v -133.79849243164063 168.73118591308594 671.125
v -86.098678588867188 168.73118591308594 672
v -133.79849243164063 183.27191162109375 671.125
v -133.79849243164063 168.73118591308594 672
v -133.79849243164063 183.27191162109375 672
v -133.79849243164063 168.73118591308594 671.125
v -133.79849243164063 183.27191162109375 671.125
v -133.84918212890625 183.27191162109375 672
v -133.84918212890625 183.27191162109375 671.125
v -133.79849243164063 183.27191162109375 672
v -133.84918212890625 280.49072265625 671.125
v -133.84918212890625 183.27191162109375 672
v -133.84918212890625 280.49072265625 672
v -133.84918212890625 183.27191162109375 671.125
v -254.09918212890625 295.03146362304688 672
v -134.09918212890625 295.03146362304688 672
v -134.09918212890625 280.49072265625 672
v -134.09918212890625 295.03146362304688 672
v -134.09918212890625 280.49072265625 672
v -254.09918212890625 280.49072265625 672
v -254.09918212890625 295.03146362304688 672
v -254.09918212890625 280.49072265625 672
v -86.098678588867188 398.22088623046875 672
v -133.84918212890625 398.22088623046875 671.125
v -133.84918212890625 398.22088623046875 672
v -86.098678588867188 398.22088623046875 671.125
v -86.098678588867188 326.72088623046875 671.125
v -86.098678588867188 398.22088623046875 672
v -86.098678588867188 326.72088623046875 672
v -86.098678588867188 398.22088623046875 671.125
v -86.098678588867188 326.72088623046875 671.125
v -133.84918212890625 326.72088623046875 672
v -133.84918212890625 326.72088623046875 671.125
v -86.098678588867188 326.72088623046875 672
v -133.84918212890625 398.22088623046875 672
v -133.84918212890625 326.72088623046875 671.125
v -133.84918212890625 326.72088623046875 672
v -133.84918212890625 398.22088623046875 671.125
v -277.84942626953125 316.97732543945313 456
v -230.099365234375 229.22296142578125 456
v -277.849365234375 229.22296142578125 456
v -277.84942626953125 316.97732543945313 456
v -182.34877014160156 229.22296142578125 456
v -277.84942626953125 316.97732543945313 456
v -182.34877014160156 274.0787353515625 456
v -277.84942626953125 316.97732543945313 456
v -182.34877014160156 322.0787353515625 456
v -277.84942626953125 340.72732543945313 456
v -182.34877014160156 340.72732543945313 456
v -181.84877014160156 340.97732543945313 456
v -133.84877014160156 322.3287353515625 456
v -181.84877014160156 322.3287353515625 456
v -181.84877014160156 273.8287353515625 456
v -110.14798736572266 229.22296142578125 456
v -181.84877014160156 229.22296142578125 456
v -181.84877014160156 273.8287353515625 456
v -86.098678588867188 229.22296142578125 456
v -133.84877014160156 273.8287353515625 456
v -86.098678588867188 398.22088623046875 456
v -181.84877014160156 340.97732543945313 456
v -181.84877014160156 398.22088623046875 456
v -86.098678588867188 132.08634948730469 456
v -86.098678588867188 95.595893859863281 456
v -110.39798736572266 132.08634948730469 456
v -229.849365234375 156.97296142578125 456
v -134.1485595703125 95.595893859863281 456
v -229.849365234375 95.595893859863281 456
v -110.39798736572266 228.72296142578125 456
v -229.849365234375 228.72296142578125 456
v -110.39798736572266 228.72296142578125 456
v -229.849365234375 228.72296142578125 456
v -182.09877014160156 228.72296142578125 456
v -325.8985595703125 156.72296142578125 456
v -230.349365234375 95.595893859863281 456
v -325.8985595703125 95.595893859863281 456
v -230.349365234375 156.72296142578125 456
v -230.349365234375 156.72296142578125 456
v -325.8985595703125 156.72296142578125 456
v -278.099365234375 156.72296142578125 456
v -373.84918212890625 156.72296142578125 456
v -326.3985595703125 -0.40410527586936951 456
v -373.84918212890625 -0.40410527586936951 456
v -373.84918212890625 156.72296142578125 456
v -326.3985595703125 95.345893859863281 456
v -326.3985595703125 156.72296142578125 456
v -133.8985595703125 -0.40410527586936951 456
v -86.098678588867188 95.095893859863281 456
v -86.098678588867188 -0.40410527586936951 456
v -133.8985595703125 95.095893859863281 456
v -86.098678588867188 95.095893859863281 456.875
v -133.8985595703125 95.095893859863281 456
v -133.8985595703125 95.095893859863281 456.875
v -86.098678588867188 95.095893859863281 456
v -133.8985595703125 95.095893859863281 456
v -133.8985595703125 -0.40410527586936951 456.875
v -133.8985595703125 95.095893859863281 456.875
v -133.8985595703125 -0.40410527586936951 456
v -86.098678588867188 -0.40410527586936951 456
v -133.8985595703125 -0.40410527586936951 456.875
v -133.8985595703125 -0.40410527586936951 456
v -86.098678588867188 -0.40410527586936951 456.875
v -86.098678588867188 -0.40410527586936951 456.875
v -86.098678588867188 95.095893859863281 456
v -86.098678588867188 95.095893859863281 456.875
v -86.098678588867188 -0.40410527586936951 456
v -86.098678588867188 132.08634948730469 456.875
v -110.39798736572266 132.08634948730469 456
v -110.39798736572266 132.08634948730469 456.875
v -86.098678588867188 132.08634948730469 456
v -110.39798736572266 132.08634948730469 456
v -110.39798736572266 228.72296142578125 456.875
v -110.39798736572266 132.08634948730469 456.875
v -110.39798736572266 228.72296142578125 456
v -110.39798736572266 228.72296142578125 456.875
v -182.09877014160156 228.72296142578125 456
v -182.09877014160156 228.72296142578125 456.875
v -110.39798736572266 228.72296142578125 456
v -229.849365234375 228.72296142578125 456
v -229.849365234375 228.72296142578125 456.875
v -229.849365234375 228.72296142578125 456
v -229.849365234375 156.97296142578125 456.875
v -229.849365234375 228.72296142578125 456.875
v -229.849365234375 156.97296142578125 456
v -229.849365234375 95.595893859863281 456.875
v -229.849365234375 95.595893859863281 456
v -134.1485595703125 95.595893859863281 456
v -229.849365234375 95.595893859863281 456.875
v -229.849365234375 95.595893859863281 456
v -134.1485595703125 95.595893859863281 456.875
v -86.098678588867188 95.595893859863281 456
v -86.098678588867188 95.595893859863281 456.875
v -86.098678588867188 95.595893859863281 456
v -86.098678588867188 132.08634948730469 456.875
v -86.098678588867188 95.595893859863281 456.875
v -86.098678588867188 132.08634948730469 456
v -230.349365234375 156.72296142578125 456.875
v -278.099365234375 156.72296142578125 456
v -278.099365234375 156.72296142578125 456.875
v -230.349365234375 156.72296142578125 456
v -325.8985595703125 156.72296142578125 456
v -325.8985595703125 156.72296142578125 456.875
v -325.8985595703125 156.72296142578125 456
v -325.8985595703125 95.595893859863281 456.875
v -325.8985595703125 156.72296142578125 456.875
v -325.8985595703125 95.595893859863281 456
v -230.349365234375 95.595893859863281 456
v -325.8985595703125 95.595893859863281 456.875
v -325.8985595703125 95.595893859863281 456
v -230.349365234375 95.595893859863281 456.875
v -230.349365234375 95.595893859863281 456
v -230.349365234375 156.72296142578125 456.875
v -230.349365234375 95.595893859863281 456.875
v -230.349365234375 156.72296142578125 456
v -326.3985595703125 -0.40410527586936951 456
v -373.84918212890625 -0.40410527586936951 456.875
v -373.84918212890625 -0.40410527586936951 456
v -373.22418212890625 -0.40410527586936951 456.875
v -326.3985595703125 -0.40410527586936951 456.875
v -326.3985595703125 -0.40410527586936951 456
v -326.3985595703125 95.345893859863281 456.875
v -326.3985595703125 -0.40410527586936951 456.875
v -326.3985595703125 95.345893859863281 456
v -326.3985595703125 156.72296142578125 456.875
v -326.3985595703125 156.72296142578125 456
v -373.22418212890625 156.72296142578125 456.875
v -373.84918212890625 156.72296142578125 456
v -373.84918212890625 156.72296142578125 456.875
v -326.3985595703125 156.72296142578125 456
v -326.3985595703125 156.72296142578125 456.875
v -278.349365234375 157.22296142578125 456
v -326.1485595703125 157.22296142578125 456.875
v -326.1485595703125 157.22296142578125 456
v -278.349365234375 157.22296142578125 456.875
v -278.349365234375 157.22296142578125 456
v -278.349365234375 228.97296142578125 456.875
v -278.349365234375 157.22296142578125 456.875
v -278.349365234375 228.97296142578125 456
v -278.34942626953125 316.72732543945313 456.875
v -278.34942626953125 316.72732543945313 456
v -278.34942626953125 316.72732543945313 456.875
v -350.34942626953125 316.72732543945313 456
v -350.34942626953125 316.72732543945313 456.875
v -278.34942626953125 316.72732543945313 456
v -350.34942626953125 316.72732543945313 456
v -350.34942626953125 340.72732543945313 456.875
v -350.34942626953125 316.72732543945313 456.875
v -350.34942626953125 340.72732543945313 456
v -350.34942626953125 340.72732543945313 456.875
v -373.84918212890625 340.72732543945313 456
v -373.84918212890625 340.72732543945313 456.875
v -350.34942626953125 340.72732543945313 456
v -373.22418212890625 157.22296142578125 456.875
v -373.84918212890625 157.22296142578125 456
v -374.09918212890625 157.22296142578125 480.74932861328125
v -374.09918212890625 157.22296142578125 456
v -373.22418212890625 157.22296142578125 480.74932861328125
v -133.84877014160156 273.8287353515625 456.875
v -181.84877014160156 273.8287353515625 456
v -181.84877014160156 273.8287353515625 456.875
v -133.84877014160156 273.8287353515625 456
v -181.84877014160156 273.8287353515625 456
v -181.84877014160156 229.22296142578125 456.875
v -181.84877014160156 273.8287353515625 456.875
v -181.84877014160156 229.22296142578125 456
v -110.14798736572266 229.22296142578125 456
v -181.84877014160156 229.22296142578125 456.875
v -181.84877014160156 229.22296142578125 456
v -110.14798736572266 229.22296142578125 456.875
v -86.098678588867188 229.22296142578125 456
v -86.098678588867188 229.22296142578125 456.875
v -86.098678588867188 229.22296142578125 456
v -86.098678588867188 398.22088623046875 456.875
v -86.098678588867188 229.22296142578125 456.875
v -86.098678588867188 398.22088623046875 456
v -86.098678588867188 398.22088623046875 456.875
v -181.84877014160156 398.22088623046875 456
v -181.84877014160156 398.22088623046875 456.875
v -86.098678588867188 398.22088623046875 456
v -181.84877014160156 398.22088623046875 456
v -181.84877014160156 340.97732543945313 456.875
v -181.84877014160156 398.22088623046875 456.875
v -181.84877014160156 340.97732543945313 456
v -181.84877014160156 340.97732543945313 456
v -181.84877014160156 322.3287353515625 456.875
v -181.84877014160156 322.3287353515625 456
v -133.84877014160156 322.3287353515625 456
v -181.84877014160156 322.3287353515625 456.875
v -181.84877014160156 322.3287353515625 456
v -133.84877014160156 322.3287353515625 456.875
v -133.84877014160156 322.3287353515625 456
v -133.84877014160156 273.8287353515625 456.875
v -133.84877014160156 322.3287353515625 456.875
v -133.84877014160156 273.8287353515625 456
v -182.34877014160156 229.22296142578125 456
v -230.099365234375 229.22296142578125 456.875
v -230.099365234375 229.22296142578125 456
v -182.34877014160156 229.22296142578125 456.875
v -182.34877014160156 229.22296142578125 456
v -182.34877014160156 274.0787353515625 456.875
v -182.34877014160156 229.22296142578125 456.875
v -182.34877014160156 274.0787353515625 456
v -182.34877014160156 322.0787353515625 456.875
v -182.34877014160156 322.0787353515625 456
v -182.34877014160156 340.72732543945313 456.875
v -182.34877014160156 340.72732543945313 456
v -182.34877014160156 340.72732543945313 456.875
v -277.84942626953125 340.72732543945313 456
v -277.84942626953125 340.72732543945313 456.875
v -182.34877014160156 340.72732543945313 456
v -277.84942626953125 340.72732543945313 456
v -277.84942626953125 316.97732543945313 456.875
v -277.84942626953125 340.72732543945313 456.875
v -277.84942626953125 316.97732543945313 456
v -277.849365234375 229.22296142578125 456
v -277.849365234375 229.22296142578125 456.875
v -277.849365234375 229.22296142578125 456.875
v -277.849365234375 229.22296142578125 456
v -182.34877014160156 398.22088623046875 456.875
v -373.22418212890625 398.22088623046875 456
v -373.22418212890625 398.22088623046875 456.875
v -182.34877014160156 398.22088623046875 456
v -350.09942626953125 341.22732543945313 456
v -373.22418212890625 341.22732543945313 456.875
v -373.22418212890625 341.22732543945313 456
v -350.09942626953125 341.22732543945313 456.875
v -278.09942626953125 341.22732543945313 456
v -278.09942626953125 341.22732543945313 456.875
v -182.34877014160156 341.22732543945313 456
v -182.34877014160156 341.22732543945313 456.875
v -182.34877014160156 341.22732543945313 456
v -182.34877014160156 398.22088623046875 456.875
v -182.34877014160156 341.22732543945313 456.875
v -182.34877014160156 398.22088623046875 456
v -374.09918212890625 298.97088623046875 624.99908447265625
v -374.09918212890625 228.90220642089844 636.99932861328125
v -374.09918212890625 298.97088623046875 648.99908447265625
v -374.09918212890625 228.90220642089844 624.99932861328125
v -374.09918212890625 180.90220642089844 624.99932861328125
v -374.09918212890625 157.15220642089844 670.875
v -374.09918212890625 298.97088623046875 670.875
v -374.09918212890625 180.90220642089844 636.99932861328125
v -374.09918212890625 157.15220642089844 553.24932861328125
v -374.09918212890625 263.58352661132813 558.24932861328125
v -374.09918212890625 298.97088623046875 558.24932861328125
v -374.09918212890625 263.58352661132813 553.24932861328125
v -374.09918212890625 157.15220642089844 553.24932861328125
v -374.09918212890625 263.58352661132813 553.24932861328125
v -374.09918212890625 228.90220642089844 553.24932861328125
v -373.22418212890625 345.83352661132813 557.99932861328125
v -382.09918212890625 345.83352661132813 475.99932861328125
v -382.09918212890625 345.83352661132813 557.99932861328125
v -373.22418212890625 345.83352661132813 475.99932861328125
v -373.22418212890625 345.83352661132813 557.99932861328125
v -382.09918212890625 263.83352661132813 557.99932861328125
v -373.22418212890625 263.83352661132813 557.99932861328125
v -382.09918212890625 345.83352661132813 557.99932861328125
v -373.22418212890625 323.22088623046875 648.99908447265625
v -366.59918212890625 299.22088623046875 648.99908447265625
v -373.22418212890625 299.22088623046875 648.99908447265625
v -366.59918212890625 323.22088623046875 648.99908447265625
v -366.59918212890625 323.22088623046875 624.99908447265625
v -373.22418212890625 323.22088623046875 648.99908447265625
v -373.22418212890625 323.22088623046875 624.99908447265625
v -373.22418212890625 323.22088623046875 648.99908447265625
v -366.59918212890625 323.22088623046875 624.99908447265625
v -366.59918212890625 323.22088623046875 648.99908447265625
v -366.59918212890625 323.22088623046875 624.99908447265625
v -373.22418212890625 299.22088623046875 624.99908447265625
v -366.59918212890625 299.22088623046875 624.99908447265625
v -373.22418212890625 323.22088623046875 624.99908447265625
v -366.59918212890625 299.22088623046875 648.99908447265625
v -373.22418212890625 299.22088623046875 624.99908447265625
v -373.22418212890625 299.22088623046875 648.99908447265625
v -366.59918212890625 299.22088623046875 624.99908447265625
v -373.22418212890625 398.47088623046875 671.125
v -366.59918212890625 398.47088623046875 663.375
v -373.22418212890625 398.47088623046875 456.875
v -85.848678588867188 398.47088623046875 671.125
v -95.498397827148438 398.47088623046875 663.375
v -95.498397827148438 398.47088623046875 492.75265502929688
v -85.848678588867188 398.47088623046875 492.75265502929688
v -366.59918212890625 398.47088623046875 463.25
v -85.848678588867188 398.47088623046875 456.875
v -85.848678588867188 398.47088623046875 463.25
v -133.84918212890625 295.03146362304688 671.125
v -134.09918212890625 280.49072265625 671.125
v -133.84918212890625 280.49072265625 671.125
v -134.09918212890625 295.03146362304688 671.125
v -133.84918212890625 326.22088623046875 671.125
v -134.34918212890625 295.28146362304688 671.125
v -254.09918212890625 295.03146362304688 671.125
v -134.34918212890625 326.47088623046875 671.125
v -133.84918212890625 326.22088623046875 671.125
v -85.848678588867188 326.47088623046875 671.125
v -86.098678588867188 326.72088623046875 671.125
v -85.848678588867188 398.47088623046875 671.125
v -86.098678588867188 398.22088623046875 671.125
v -133.84918212890625 398.22088623046875 671.125
v -134.34918212890625 398.22088623046875 671.125
v -373.22418212890625 398.22088623046875 671.125
v -373.22418212890625 398.47088623046875 671.125
v -133.84918212890625 326.72088623046875 671.125
v -133.84918212890625 183.27191162109375 671.125
v -134.34918212890625 183.27191162109375 671.125
v -253.84918212890625 183.27191162109375 671.125
v -134.34918212890625 183.27191162109375 671.125
v -133.84918212890625 183.27191162109375 671.125
v -133.84918212890625 280.49072265625 671.125
v -134.34918212890625 280.24072265625 671.125
v -253.84918212890625 280.24072265625 671.125
v -85.848678588867188 -0.65410524606704712 671.125
v -86.098678588867188 -0.40410527586936951 671.125
v -278.11099243164063 -0.65410524606704712 671.125
v -86.098678588867188 168.23118591308594 671.125
v -86.098678588867188 168.73118591308594 671.125
v -134.04849243164063 168.23118591308594 671.125
v -134.04849243164063 168.48118591308594 671.125
v -254.09918212890625 168.23118591308594 671.125
v -277.86099243164063 168.23118591308594 671.125
v -278.36099243164063 168.23118591308594 671.125
v -373.22418212890625 168.23118591308594 671.125
v -86.098678588867188 326.22088623046875 671.125
v -133.79849243164063 168.73118591308594 671.125
v -134.04849243164063 183.02191162109375 671.125
v -133.79849243164063 183.27191162109375 671.125
v -254.09918212890625 183.02191162109375 671.125
v -254.34918212890625 183.02191162109375 671.125
v -253.84918212890625 183.27191162109375 671.125
v -254.34918212890625 280.49072265625 671.125
v -253.84918212890625 183.27191162109375 671.125
v -133.79849243164063 183.27191162109375 671.125
v -133.84918212890625 183.27191162109375 671.125
v -254.34918212890625 280.49072265625 671.125
v -133.84918212890625 280.49072265625 671.125
v -134.09918212890625 280.49072265625 671.125
v -254.34918212890625 280.49072265625 671.125
v -134.09918212890625 280.49072265625 671.125
v -254.09918212890625 280.49072265625 671.125
v -254.34918212890625 280.49072265625 671.125
v -254.09918212890625 280.49072265625 671.125
v -254.34918212890625 294.78146362304688 671.125
v -373.22418212890625 294.78146362304688 671.125
v -373.22418212890625 295.28146362304688 671.125
v -373.22418212890625 295.28146362304688 671.125
v -134.34918212890625 295.28146362304688 671.125
v -254.09918212890625 295.28146362304688 671.125
v -254.34918212890625 168.73118591308594 671.125
v -254.09918212890625 168.48118591308594 671.125
v -254.09918212890625 168.48118591308594 671.125
v -373.22418212890625 168.73118591308594 671.125
v -373.22418212890625 168.73118591308594 671.125
v -254.34918212890625 168.73118591308594 671.125
v -278.11099243164063 168.73118591308594 671.125
v -277.86099243164063 -0.40410527586936951 671.125
v -278.11099243164063 116.96415710449219 671.125
v -277.86099243164063 116.96415710449219 671.125
v -278.36099243164063 117.21415710449219 671.125
v -350.09918212890625 116.96415710449219 671.125
v -350.09918212890625 -0.65410524606704712 671.125
v -350.34918212890625 -0.40410527586936951 671.125
v -373.22418212890625 -0.65410524606704712 671.125
v -350.34918212890625 117.21415710449219 671.125
v -373.22418212890625 -0.40410527586936951 671.125
v -374.09918212890625 398.22088623046875 670.875
v -374.09918212890625 323.47088623046875 649.24908447265625
v -374.09918212890625 299.47088623046875 670.875
v -374.09918212890625 398.22088623046875 558.24932861328125
v -374.09918212890625 323.47088623046875 624.74908447265625
v -374.09918212890625 299.47088623046875 624.74908447265625
v -374.09918212890625 299.47088623046875 558.24932861328125
v -374.09918212890625 299.47088623046875 558.24932861328125
v -374.09918212890625 398.22088623046875 558.24932861328125
v -374.09918212890625 345.83352661132813 558.24932861328125
v -374.09918212890625 299.47088623046875 649.24908447265625
v -373.22418212890625 343.26220703125 456
v -374.09918212890625 343.26220703125 475.99932861328125
v -374.09918212890625 343.26220703125 456
v -373.22418212890625 343.26220703125 475.99932861328125
v -373.22418212890625 398.22088623046875 557.74932861328125
v -374.09918212890625 398.22088623046875 456
v -374.09918212890625 398.22088623046875 557.74932861328125
v -373.22418212890625 398.22088623046875 456
v -373.22418212890625 398.22088623046875 456
v -373.22418212890625 398.22088623046875 557.74932861328125
v -373.22418212890625 398.22088623046875 456.875
v -373.22418212890625 398.22088623046875 557.74932861328125
v -374.09918212890625 346.08352661132813 557.74932861328125
v -373.22418212890625 346.08352661132813 557.74932861328125
v -374.09918212890625 398.22088623046875 557.74932861328125
v -373.22418212890625 157.15220642089844 553.24932861328125
v -374.09918212890625 157.15220642089844 670.875
v -374.09918212890625 157.15220642089844 553.24932861328125
v -373.22418212890625 157.15220642089844 670.875
v -374.09918212890625 228.90220642089844 553.24932861328125
v -373.22418212890625 157.15220642089844 553.24932861328125
v -374.09918212890625 157.15220642089844 553.24932861328125
v -373.22418212890625 228.90220642089844 553.24932861328125
v -374.09918212890625 263.58352661132813 553.24932861328125
v -373.22418212890625 263.58352661132813 553.24932861328125
v -373.22418212890625 263.58352661132813 558.24932861328125
v -374.09918212890625 263.58352661132813 553.24932861328125
v -374.09918212890625 263.58352661132813 558.24932861328125
v -373.22418212890625 263.58352661132813 553.24932861328125
v -374.09918212890625 298.97088623046875 558.24932861328125
v -373.22418212890625 263.58352661132813 558.24932861328125
v -374.09918212890625 263.58352661132813 558.24932861328125
v -373.22418212890625 298.97088623046875 558.24932861328125
v -373.22418212890625 298.97088623046875 624.99908447265625
v -374.09918212890625 298.97088623046875 558.24932861328125
v -374.09918212890625 298.97088623046875 624.99908447265625
v -373.22418212890625 298.97088623046875 558.24932861328125
v -373.22418212890625 298.97088623046875 648.99908447265625
v -374.09918212890625 298.97088623046875 648.99908447265625
v -373.22418212890625 298.97088623046875 670.875
v -374.09918212890625 298.97088623046875 670.875
v -373.22418212890625 298.97088623046875 670.875
v -374.09918212890625 157.15220642089844 670.875
v -373.22418212890625 157.15220642089844 670.875
v -374.09918212890625 298.97088623046875 670.875
v -373.22418212890625 156.65220642089844 670.875
v -374.09918212890625 -0.40410527586936951 670.875
v -373.22418212890625 -0.40410527586936951 670.875
v -374.09918212890625 156.65220642089844 670.875
v -373.22418212890625 -0.40410527586936951 649.24932861328125
v -374.09918212890625 -0.40410527586936951 670.875
v -374.09918212890625 -0.40410527586936951 649.24932861328125
v -373.22418212890625 -0.40410527586936951 670.875
v -374.09918212890625 95.720893859863281 649.24932861328125
v -373.22418212890625 -0.40410527586936951 649.24932861328125
v -374.09918212890625 -0.40410527586936951 649.24932861328125
v -373.22418212890625 95.720893859863281 649.24932861328125
v -373.22418212890625 95.720893859863281 480.74905395507813
v -374.09918212890625 95.720893859863281 649.24932861328125
v -374.09918212890625 95.720893859863281 480.74905395507813
v -373.22418212890625 95.720893859863281 649.24932861328125
v -373.22418212890625 95.720893859863281 480.74905395507813
v -374.09918212890625 -0.40410527586936951 480.74905395507813
v -373.22418212890625 -0.40410527586936951 480.74905395507813
v -374.09918212890625 95.720893859863281 480.74905395507813
v -374.09918212890625 -0.40410527586936951 456.875
v -373.22418212890625 -0.40410527586936951 480.74905395507813
v -374.09918212890625 -0.40410527586936951 480.74905395507813
v -373.22418212890625 -0.40410527586936951 480.74905395507813
v -373.22418212890625 156.65220642089844 670.875
v -374.09918212890625 156.65220642089844 552.99932861328125
v -374.09918212890625 156.65220642089844 670.875
v -373.22418212890625 156.65220642089844 552.99932861328125
v -373.22418212890625 263.58352661132813 552.74932861328125
v -374.09918212890625 229.15220642089844 552.74932861328125
v -373.22418212890625 229.15220642089844 552.74932861328125
v -374.09918212890625 263.58352661132813 552.74932861328125
v -373.22418212890625 229.15220642089844 480.74932861328125
v -374.09918212890625 229.15220642089844 552.74932861328125
v -374.09918212890625 229.15220642089844 480.74932861328125
v -373.22418212890625 229.15220642089844 552.74932861328125
v -374.09918212890625 263.58352661132813 552.74932861328125
v -373.22418212890625 263.58352661132813 475.74932861328125
v -374.09918212890625 263.58352661132813 475.74932861328125
v -373.22418212890625 263.58352661132813 552.74932861328125
v -373.22418212890625 299.47088623046875 558.24932861328125
v -374.09918212890625 299.47088623046875 624.74908447265625
v -374.09918212890625 299.47088623046875 558.24932861328125
v -373.22418212890625 299.47088623046875 624.74908447265625
v -374.09918212890625 345.83352661132813 558.24932861328125
v -373.22418212890625 299.47088623046875 558.24932861328125
v -374.09918212890625 299.47088623046875 558.24932861328125
v -373.22418212890625 345.83352661132813 558.24932861328125
v -374.09918212890625 398.22088623046875 558.24932861328125
v -373.22418212890625 398.22088623046875 558.24932861328125
v -374.09918212890625 398.22088623046875 670.875
v -373.22418212890625 398.22088623046875 558.24932861328125
v -374.09918212890625 398.22088623046875 558.24932861328125
v -373.22418212890625 398.22088623046875 670.875
v -373.22418212890625 398.22088623046875 670.875
v -374.09918212890625 299.47088623046875 670.875
v -373.22418212890625 299.47088623046875 670.875
v -374.09918212890625 398.22088623046875 670.875
v -373.22418212890625 299.47088623046875 649.24908447265625
v -374.09918212890625 299.47088623046875 670.875
v -374.09918212890625 299.47088623046875 649.24908447265625
v -373.22418212890625 299.47088623046875 670.875
v -374.09918212890625 323.47088623046875 649.24908447265625
v -373.22418212890625 299.47088623046875 649.24908447265625
v -374.09918212890625 299.47088623046875 649.24908447265625
v -373.22418212890625 323.47088623046875 649.24908447265625
v -373.22418212890625 323.47088623046875 624.74908447265625
v -374.09918212890625 323.47088623046875 649.24908447265625
v -374.09918212890625 323.47088623046875 624.74908447265625
v -373.22418212890625 323.47088623046875 649.24908447265625
v -373.22418212890625 323.47088623046875 624.74908447265625
v -374.09918212890625 299.47088623046875 624.74908447265625
v -373.22418212890625 299.47088623046875 624.74908447265625
v -374.09918212890625 323.47088623046875 624.74908447265625
v -373.84918212890625 168.23118591308594 671.125
v -373.22418212890625 -0.40410527586936951 671.125
v -373.84918212890625 -0.40410527586936951 671.125
v -373.22418212890625 168.23118591308594 671.125
v -373.84918212890625 294.78146362304688 671.125
v -373.22418212890625 168.73118591308594 671.125
v -373.84918212890625 168.73118591308594 671.125
v -373.22418212890625 294.78146362304688 671.125
v -373.84918212890625 398.22088623046875 671.125
v -373.22418212890625 295.28146362304688 671.125
v -373.84918212890625 295.28146362304688 671.125
v -373.22418212890625 398.22088623046875 671.125
v -374.09918212890625 156.65220642089844 670.875
v -374.09918212890625 95.720893859863281 649.24932861328125
v -374.09918212890625 -0.40410527586936951 670.875
v -374.09918212890625 156.65220642089844 552.99932861328125
v -374.09918212890625 95.720893859863281 480.74905395507813
v -374.09918212890625 156.72296142578125 480.99932861328125
v -374.09918212890625 156.72296142578125 456.875
v -374.09918212890625 156.72296142578125 456.875
v -374.09918212890625 -0.40410527586936951 480.74905395507813
v -374.09918212890625 -0.40410527586936951 456.875
v -374.09918212890625 -0.40410527586936951 649.24932861328125
v -134.1485595703125 -0.65410524606704712 456.875
v -133.8985595703125 -0.40410527586936951 456.875
v -86.098678588867188 -0.40410527586936951 456.875
v -134.1485595703125 95.345893859863281 456.875
v -133.8985595703125 95.095893859863281 456.875
v -86.098678588867188 95.095893859863281 456.875
v -230.099365234375 228.97296142578125 456.875
v -229.849365234375 156.97296142578125 456.875
v -230.099365234375 156.97296142578125 456.875
v -229.849365234375 228.72296142578125 456.875
v -182.09877014160156 228.72296142578125 456.875
v -110.39798736572266 228.72296142578125 456.875
v -110.39798736572266 132.08634948730469 456.875
v -110.14798736572266 132.33634948730469 456.875
v -86.098678588867188 132.08634948730469 456.875
v -110.14798736572266 228.97296142578125 456.875
v -230.349365234375 156.72296142578125 456.875
v -229.849365234375 95.595893859863281 456.875
v -230.349365234375 95.595893859863281 456.875
v -229.849365234375 156.97296142578125 456.875
v -278.099365234375 156.97296142578125 456.875
v -229.849365234375 156.97296142578125 456.875
v -278.099365234375 156.97296142578125 456.875
v -230.099365234375 156.97296142578125 456.875
v -373.22418212890625 -0.40410527586936951 456.875
v -326.1485595703125 -0.65410524606704712 456.875
v -373.22418212890625 -0.65410524606704712 456.875
v -326.1485595703125 -0.65410524606704712 456.875
v -326.3985595703125 -0.40410527586936951 456.875
v -326.1485595703125 95.345893859863281 456.875
v -326.3985595703125 95.345893859863281 456.875
v -326.3985595703125 156.72296142578125 456.875
v -325.8985595703125 95.595893859863281 456.875
v -134.1485595703125 95.345893859863281 456.875
v -325.8985595703125 156.72296142578125 456.875
v -278.09942626953125 340.97732543945313 456.875
v -277.84942626953125 316.97732543945313 456.875
v -278.09942626953125 316.97732543945313 456.875
v -277.84942626953125 340.72732543945313 456.875
v -182.34877014160156 340.72732543945313 456.875
v -182.34877014160156 322.0787353515625 456.875
v -182.09877014160156 274.0787353515625 456.875
v -182.34877014160156 274.0787353515625 456.875
v -182.09877014160156 322.0787353515625 456.875
v -182.34877014160156 340.72732543945313 456.875
v -181.84877014160156 322.3287353515625 456.875
v -134.09877014160156 322.0787353515625 456.875
v -181.84877014160156 340.97732543945313 456.875
v -350.34942626953125 316.72732543945313 456.875
v -350.09942626953125 316.97732543945313 456.875
v -278.34942626953125 316.72732543945313 456.875
v -350.09942626953125 316.97732543945313 456.875
v -350.34942626953125 340.72732543945313 456.875
v -350.09942626953125 340.97732543945313 456.875
v -182.34877014160156 274.0787353515625 456.875
v -181.84877014160156 229.22296142578125 456.875
v -182.34877014160156 229.22296142578125 456.875
v -181.84877014160156 273.8287353515625 456.875
v -133.84877014160156 273.8287353515625 456.875
v -134.09877014160156 274.0787353515625 456.875
v -133.84877014160156 322.3287353515625 456.875
v -134.09877014160156 274.0787353515625 456.875
v -182.34877014160156 274.0787353515625 456.875
v -182.09877014160156 274.0787353515625 456.875
v -134.09877014160156 322.0787353515625 456.875
v -373.22418212890625 157.22296142578125 456.875
v -326.3985595703125 156.72296142578125 456.875
v -373.22418212890625 156.72296142578125 456.875
v -278.099365234375 156.72296142578125 456.875
v -278.099365234375 156.97296142578125 456.875
v -278.349365234375 157.22296142578125 456.875
v -278.099365234375 228.97296142578125 456.875
v -278.349365234375 157.22296142578125 456.875
v -373.22418212890625 157.22296142578125 456.875
v -326.1485595703125 157.22296142578125 456.875
v -278.349365234375 228.97296142578125 456.875
v -277.849365234375 229.22296142578125 456.875
v -85.848678588867188 228.97296142578125 456.875
v -277.84942626953125 316.97732543945313 456.875
v -350.09942626953125 316.97732543945313 456.875
v -277.84942626953125 316.97732543945313 456.875
v -350.09942626953125 316.97732543945313 456.875
v -278.09942626953125 316.97732543945313 456.875
v -374.096435546875 341.22732543945313 456.875
v -373.84918212890625 340.72732543945313 456.875
v -374.096435546875 340.72732543945313 456.875
v -350.34942626953125 340.72732543945313 456.875
v -182.34877014160156 341.22732543945313 456.875
v -181.84877014160156 398.22088623046875 456.875
v -182.34877014160156 341.22732543945313 456.875
v -374.096435546875 341.22732543945313 456.875
v -373.22418212890625 341.22732543945313 456.875
v -182.34877014160156 341.22732543945313 456.875
v -373.22418212890625 341.22732543945313 456.875
v -350.09942626953125 341.22732543945313 456.875
v -182.34877014160156 398.22088623046875 456.875
v -373.22418212890625 398.22088623046875 456.875
v -181.84877014160156 398.22088623046875 456.875
v -182.34877014160156 398.22088623046875 456.875
v -86.098678588867188 229.22296142578125 456.875
v -85.848678588867188 398.47088623046875 456.875
v -86.098678588867188 229.22296142578125 456.875
v -277.849365234375 229.22296142578125 456.875
v -182.34877014160156 229.22296142578125 456.875
v -86.098678588867188 229.22296142578125 456.875
v -182.34877014160156 229.22296142578125 456.875
v -181.84877014160156 229.22296142578125 456.875
v -86.098678588867188 398.22088623046875 456.875
v -181.84877014160156 398.22088623046875 456.875
v -373.22418212890625 398.22088623046875 456.875
v -373.22418212890625 398.47088623046875 456.875
v -85.848678588867188 -0.65410524606704712 456.875
v -85.848678588867188 132.33634948730469 456.875
v -86.098678588867188 95.595893859863281 456.875
v -86.098678588867188 95.595893859863281 456.875
v -325.8985595703125 95.595893859863281 456.875
v -230.349365234375 95.595893859863281 456.875
v -86.098678588867188 95.595893859863281 456.875
v -230.349365234375 95.595893859863281 456.875
v -229.849365234375 95.595893859863281 456.875
v -374.09918212890625 156.72296142578125 480.99932861328125
v -373.22418212890625 156.72296142578125 480.99932861328125
v -373.22418212890625 229.15220642089844 480.74932861328125
v -374.09918212890625 157.22296142578125 480.74932861328125
v -373.22418212890625 157.22296142578125 480.74932861328125
v -374.09918212890625 229.15220642089844 480.74932861328125
v -373.22418212890625 342.76220703125 475.74932861328125
v -374.09918212890625 342.76220703125 456.875
v -374.09918212890625 342.76220703125 475.74932861328125
v -374.09918212890625 342.76220703125 456
v -373.22418212890625 342.76220703125 456
v -374.09918212890625 342.76220703125 456
v -373.84918212890625 157.22296142578125 456
v -374.09918212890625 157.22296142578125 456
v -374.09918212890625 342.76220703125 456
v -374.096435546875 340.72732543945313 456
v -374.09918212890625 342.76220703125 456
v -374.096435546875 341.22732543945313 456
v -373.84918212890625 340.72732543945313 456
v -326.1485595703125 157.22296142578125 456
v -373.84918212890625 157.22296142578125 456
v -278.349365234375 157.22296142578125 456
v -278.349365234375 228.97296142578125 456
v -350.34942626953125 316.72732543945313 456
v -350.34942626953125 340.72732543945313 456
v -278.34942626953125 316.72732543945313 456
v -374.09918212890625 156.72296142578125 456.875
v -373.84918212890625 -0.40410527586936951 456.875
v -374.09918212890625 -0.40410527586936951 456.875
v -373.84918212890625 156.72296142578125 456.875
v -373.84918212890625 156.72296142578125 456
v -373.84918212890625 -0.40410527586936951 456.875
v -373.84918212890625 156.72296142578125 456.875
v -373.84918212890625 -0.40410527586936951 456
v -374.09918212890625 156.72296142578125 456.875
v -374.096435546875 341.22732543945313 456.875
v -374.096435546875 341.22732543945313 456
v -373.84918212890625 157.22296142578125 456
v -373.84918212890625 340.72732543945313 456.875
v -373.84918212890625 157.22296142578125 456.875
v -373.84918212890625 340.72732543945313 456
v -374.09918212890625 342.76220703125 456.875
v -374.09918212890625 263.58352661132813 475.74932861328125
v -374.09918212890625 342.76220703125 475.74932861328125
v -374.09918212890625 229.15220642089844 552.74932861328125
v -374.09918212890625 263.58352661132813 552.74932861328125
v -374.09918212890625 229.15220642089844 480.74932861328125
v -374.09918212890625 157.22296142578125 480.74932861328125
v -374.09918212890625 157.22296142578125 456
v -374.09918212890625 342.76220703125 456
v -374.09918212890625 342.76220703125 456
v -374.096435546875 341.22732543945313 456.875
v -374.09918212890625 342.76220703125 456.875
v -374.096435546875 340.72732543945313 456.875
v -373.84918212890625 157.22296142578125 456
v -373.84918212890625 157.22296142578125 456.875
v -373.84918212890625 157.22296142578125 456
v -373.84918212890625 157.22296142578125 456
v -374.096435546875 341.22732543945313 456
v -374.096435546875 340.72732543945313 456
v -373.84918212890625 340.72732543945313 456
v -373.84918212890625 157.22296142578125 456
v -374.096435546875 340.72732543945313 456
v -373.22418212890625 343.26220703125 475.99932861328125
v -373.22418212890625 342.76220703125 475.74932861328125
v -373.22418212890625 263.83352661132813 475.99932861328125
v -373.22418212890625 343.26220703125 456
v -373.22418212890625 342.76220703125 456
v -373.22418212890625 263.58352661132813 558.24932861328125
v -373.22418212890625 263.83352661132813 557.99932861328125
v -373.22418212890625 263.58352661132813 553.24932861328125
v -373.22418212890625 345.83352661132813 557.99932861328125
v -373.22418212890625 263.83352661132813 475.99932861328125
v -373.22418212890625 263.83352661132813 475.99932861328125
v -373.22418212890625 263.58352661132813 552.74932861328125
v -373.22418212890625 228.90220642089844 553.24932861328125
v -373.22418212890625 228.90220642089844 552.99932861328125
v -373.22418212890625 157.15220642089844 553.24932861328125
v -373.22418212890625 263.83352661132813 475.99932861328125
v -373.22418212890625 263.58352661132813 475.74932861328125
v -373.22418212890625 323.47088623046875 649.24908447265625
v -373.22418212890625 323.22088623046875 648.99908447265625
v -373.22418212890625 299.47088623046875 649.24908447265625
v -373.22418212890625 323.22088623046875 648.99908447265625
v -373.22418212890625 323.47088623046875 624.74908447265625
v -373.22418212890625 323.22088623046875 624.99908447265625
v -373.22418212890625 323.47088623046875 624.74908447265625
v -373.22418212890625 299.22088623046875 624.99908447265625
v -373.22418212890625 323.47088623046875 624.74908447265625
v -373.22418212890625 298.97088623046875 624.99908447265625
v -373.22418212890625 299.47088623046875 624.74908447265625
v -373.22418212890625 298.97088623046875 558.24932861328125
v -373.22418212890625 299.47088623046875 558.24932861328125
v -373.22418212890625 298.97088623046875 648.99908447265625
v -373.22418212890625 299.22088623046875 648.99908447265625
v -373.22418212890625 298.97088623046875 670.875
v -373.22418212890625 299.47088623046875 670.875
v -373.22418212890625 298.97088623046875 648.99908447265625
v -373.22418212890625 323.22088623046875 648.99908447265625
v -373.22418212890625 298.97088623046875 648.99908447265625
v -373.22418212890625 323.22088623046875 648.99908447265625
v -373.22418212890625 299.22088623046875 648.99908447265625
v -373.22418212890625 95.720893859863281 649.24932861328125
v -373.22418212890625 95.470893859863281 648.99932861328125
v -373.22418212890625 -0.40410527586936951 649.24932861328125
v -373.22418212890625 95.720893859863281 480.74905395507813
v -373.22418212890625 95.470893859863281 480.99905395507813
v -373.22418212890625 95.720893859863281 480.74905395507813
v -373.22418212890625 -0.65410524606704712 480.99905395507813
v -373.22418212890625 -0.40410527586936951 480.74905395507813
v -373.22418212890625 -0.65410524606704712 456.875
v -373.22418212890625 -0.40410527586936951 456.875
v -373.22418212890625 398.47088623046875 456.875
v -373.22418212890625 398.22088623046875 671.125
v -373.22418212890625 398.47088623046875 671.125
v -373.22418212890625 398.22088623046875 670.875
v -373.22418212890625 295.28146362304688 671.125
v -373.22418212890625 294.78146362304688 671.125
v -373.22418212890625 398.22088623046875 558.24932861328125
v -373.22418212890625 398.22088623046875 557.74932861328125
v -373.22418212890625 345.83352661132813 558.24932861328125
v -373.22418212890625 398.22088623046875 456.875
v -373.22418212890625 229.15220642089844 552.74932861328125
v -373.22418212890625 228.90220642089844 480.99932861328125
v -373.22418212890625 229.15220642089844 480.74932861328125
v -373.22418212890625 156.90220642089844 480.99932861328125
v -373.22418212890625 156.72296142578125 480.99932861328125
v -373.22418212890625 157.22296142578125 480.74932861328125
v -373.22418212890625 156.72296142578125 456.875
v -373.22418212890625 157.22296142578125 456.875
v -373.22418212890625 156.65220642089844 552.99932861328125
v -373.22418212890625 156.90220642089844 552.99932861328125
v -373.22418212890625 156.65220642089844 670.875
v -373.22418212890625 157.15220642089844 670.875
v -373.22418212890625 156.65220642089844 552.99932861328125
v -373.22418212890625 156.65220642089844 552.99932861328125
v -373.22418212890625 228.90220642089844 552.99932861328125
v -373.22418212890625 156.90220642089844 552.99932861328125
v -373.22418212890625 346.08352661132813 557.74932861328125
v -373.22418212890625 345.83352661132813 550.50543212890625
v -373.22418212890625 -0.65410524606704712 671.125
v -373.22418212890625 -0.40410527586936951 670.875
v -373.22418212890625 -0.65410524606704712 648.99932861328125
v -373.22418212890625 -0.40410527586936951 670.875
v -373.22418212890625 398.22088623046875 670.875
v -373.22418212890625 299.47088623046875 670.875
v -373.22418212890625 -0.40410527586936951 670.875
v -373.22418212890625 299.47088623046875 670.875
v -373.22418212890625 298.97088623046875 670.875
v -373.22418212890625 -0.40410527586936951 670.875
v -373.22418212890625 298.97088623046875 670.875
v -373.22418212890625 157.15220642089844 670.875
v -373.22418212890625 -0.40410527586936951 670.875
v -373.22418212890625 157.15220642089844 670.875
v -373.22418212890625 156.65220642089844 670.875
v -374.09918212890625 398.22088623046875 456
v -374.09918212890625 346.08352661132813 557.74932861328125
v -374.09918212890625 398.22088623046875 557.74932861328125
v -374.09918212890625 343.26220703125 475.99932861328125
v -374.09918212890625 343.26220703125 456
v -374.09918212890625 346.08352661132813 557.74932861328125
v -373.22418212890625 346.08352661132813 557.74932861328125
v -373.22418212890625 342.76220703125 475.74932861328125
v -374.09918212890625 263.58352661132813 475.74932861328125
v -373.22418212890625 263.58352661132813 475.74932861328125
v -374.09918212890625 342.76220703125 475.74932861328125
v -374.096435546875 340.72732543945313 456
v -374.096435546875 341.22732543945313 456.875
v -374.096435546875 340.72732543945313 456.875
v -374.096435546875 341.22732543945313 456
v -373.84918212890625 340.72732543945313 456.875
v -374.096435546875 340.72732543945313 456
v -374.096435546875 340.72732543945313 456.875
v -373.84918212890625 340.72732543945313 456
v -374.09918212890625 398.22088623046875 456
v -373.22418212890625 343.26220703125 456
v -374.09918212890625 343.26220703125 456
v -182.34877014160156 398.22088623046875 456
v -374.09918212890625 342.76220703125 456
v -373.22418212890625 341.22732543945313 456
v -374.096435546875 341.22732543945313 456
v -350.09942626953125 341.22732543945313 456
v -350.09942626953125 341.22732543945313 456
v -374.09918212890625 342.76220703125 456
v -278.09942626953125 341.22732543945313 456
v -182.34877014160156 341.22732543945313 456
v -182.34877014160156 341.22732543945313 456
v -374.09918212890625 342.76220703125 456
v -373.22418212890625 342.76220703125 456
v -85.848678588867188 228.97296142578125 479.499267578125
v -87.848678588867188 228.97296142578125 456
v -87.848678588867188 228.97296142578125 479.499267578125
v -85.848678588867188 228.97296142578125 456
v -85.848678588867188 132.33634948730469 456
v -87.848678588867188 132.33634948730469 479.499267578125
v -87.848678588867188 132.33634948730469 456
v -85.848678588867188 132.33634948730469 479.499267578125
v -87.848678588867188 228.97296142578125 456
v -85.848678588867188 132.33634948730469 456
v -87.848678588867188 132.33634948730469 456
v -85.848678588867188 228.97296142578125 456
v -85.848678588867188 226.97296142578125 458
v -87.848678588867188 226.97296142578125 477.499267578125
v -87.848678588867188 226.97296142578125 458
v -85.848678588867188 226.97296142578125 477.499267578125
v -87.848678588867188 226.97296142578125 477.499267578125
v -85.848678588867188 134.33634948730469 477.499267578125
v -87.848678588867188 134.33634948730469 477.499267578125
v -85.848678588867188 226.97296142578125 477.499267578125
v -87.848678588867188 228.97296142578125 479.499267578125
v -87.848678588867188 226.97296142578125 477.499267578125
v -87.848678588867188 132.33634948730469 479.499267578125
v -87.848678588867188 228.97296142578125 456
v -87.848678588867188 226.97296142578125 458
v -87.848678588867188 134.33634948730469 458
v -87.848678588867188 134.33634948730469 477.499267578125
v -87.848678588867188 132.33634948730469 456
v -85.848678588867188 226.97296142578125 458
v -87.848678588867188 134.33634948730469 458
v -85.848678588867188 134.33634948730469 458
v -87.848678588867188 226.97296142578125 458
v -85.848678588867188 228.97296142578125 479.499267578125
v -87.848678588867188 132.33634948730469 479.499267578125
v -85.848678588867188 132.33634948730469 479.499267578125
v -87.848678588867188 228.97296142578125 479.499267578125
v -85.848678588867188 134.33634948730469 477.499267578125
v -87.848678588867188 134.33634948730469 458
v -87.848678588867188 134.33634948730469 477.499267578125
v -85.848678588867188 134.33634948730469 458
v -85.848678588867188 132.33634948730469 479.499267578125
v -85.848678588867188 134.33634948730469 477.499267578125
v -85.848678588867188 228.97296142578125 479.499267578125
v -85.848678588867188 132.33634948730469 456
v -85.848678588867188 134.33634948730469 458
v -85.848678588867188 226.97296142578125 458
v -85.848678588867188 226.97296142578125 477.499267578125
v -85.848678588867188 228.97296142578125 456
v -85.848678588867188 226.97296142578125 458
v -85.848678588867188 134.33634948730469 477.499267578125
v -85.848678588867188 226.97296142578125 477.499267578125
v -85.848678588867188 134.33634948730469 458
v -372.09918212890625 226.90220642089844 626.99932861328125
v -374.09918212890625 226.90220642089844 634.99932861328125
v -374.09918212890625 226.90220642089844 626.99932861328125
v -372.09918212890625 226.90220642089844 634.99932861328125
v -374.09918212890625 228.90220642089844 624.99932861328125
v -372.09918212890625 180.90220642089844 624.99932861328125
v -374.09918212890625 180.90220642089844 624.99932861328125
v -372.09918212890625 228.90220642089844 624.99932861328125
v -372.09918212890625 226.90220642089844 626.99932861328125
v -374.09918212890625 182.90220642089844 626.99932861328125
v -372.09918212890625 182.90220642089844 626.99932861328125
v -374.09918212890625 226.90220642089844 626.99932861328125
v -372.09918212890625 228.90220642089844 636.99932861328125
v -374.09918212890625 180.90220642089844 636.99932861328125
v -372.09918212890625 180.90220642089844 636.99932861328125
v -374.09918212890625 228.90220642089844 636.99932861328125
v -372.09918212890625 180.90220642089844 624.99932861328125
v -374.09918212890625 180.90220642089844 636.99932861328125
v -374.09918212890625 180.90220642089844 624.99932861328125
v -372.09918212890625 180.90220642089844 636.99932861328125
v -372.09918212890625 182.90220642089844 634.99932861328125
v -374.09918212890625 182.90220642089844 626.99932861328125
v -374.09918212890625 182.90220642089844 634.99932861328125
v -372.09918212890625 182.90220642089844 626.99932861328125
v -372.09918212890625 180.90220642089844 636.99932861328125
v -372.09918212890625 182.90220642089844 634.99932861328125
v -372.09918212890625 228.90220642089844 636.99932861328125
v -372.09918212890625 180.90220642089844 624.99932861328125
v -372.09918212890625 182.90220642089844 626.99932861328125
v -372.09918212890625 226.90220642089844 626.99932861328125
v -372.09918212890625 226.90220642089844 634.99932861328125
v -372.09918212890625 228.90220642089844 624.99932861328125
v -374.09918212890625 226.90220642089844 634.99932861328125
v -372.09918212890625 182.90220642089844 634.99932861328125
v -374.09918212890625 182.90220642089844 634.99932861328125
v -372.09918212890625 226.90220642089844 634.99932861328125
v -372.09918212890625 228.90220642089844 636.99932861328125
v -374.09918212890625 228.90220642089844 624.99932861328125
v -374.09918212890625 228.90220642089844 636.99932861328125
v -372.09918212890625 228.90220642089844 624.99932861328125
v -374.09918212890625 228.90220642089844 636.99932861328125
v -374.09918212890625 226.90220642089844 634.99932861328125
v -374.09918212890625 180.90220642089844 636.99932861328125
v -374.09918212890625 228.90220642089844 624.99932861328125
v -374.09918212890625 226.90220642089844 626.99932861328125
v -374.09918212890625 182.90220642089844 626.99932861328125
v -374.09918212890625 182.90220642089844 634.99932861328125
v -374.09918212890625 180.90220642089844 624.99932861328125
v -374.09918212890625 226.90220642089844 626.99932861328125
v -374.09918212890625 182.90220642089844 634.99932861328125
v -374.09918212890625 226.90220642089844 634.99932861328125
v -374.09918212890625 182.90220642089844 626.99932861328125
v -382.09918212890625 340.83352661132813 552.99932861328125
v -382.09918212890625 338.83352661132813 550.99932861328125
v -382.09918212890625 268.83352661132813 552.99932861328125
v -382.09918212890625 340.83352661132813 480.99932861328125
v -382.09918212890625 338.83352661132813 482.99932861328125
v -382.09918212890625 270.83352661132813 482.99932861328125
v -382.09918212890625 270.83352661132813 550.99932861328125
v -382.09918212890625 268.83352661132813 480.99932861328125
v -380.09918212890625 268.83352661132813 552.99932861328125
v -380.09918212890625 270.83352661132813 550.99932861328125
v -380.09918212890625 340.83352661132813 552.99932861328125
v -380.09918212890625 268.83352661132813 480.99932861328125
v -380.09918212890625 270.83352661132813 482.99932861328125
v -380.09918212890625 338.83352661132813 482.99932861328125
v -380.09918212890625 338.83352661132813 550.99932861328125
v -380.09918212890625 340.83352661132813 480.99932861328125
v -380.09918212890625 340.83352661132813 552.99932861328125
v -382.09918212890625 340.83352661132813 480.99932861328125
v -382.09918212890625 340.83352661132813 552.99932861328125
v -380.09918212890625 340.83352661132813 480.99932861328125
v -382.09918212890625 338.83352661132813 550.99932861328125
v -380.09918212890625 270.83352661132813 550.99932861328125
v -382.09918212890625 270.83352661132813 550.99932861328125
v -380.09918212890625 338.83352661132813 550.99932861328125
v -380.09918212890625 338.83352661132813 482.99932861328125
v -382.09918212890625 338.83352661132813 550.99932861328125
v -382.09918212890625 338.83352661132813 482.99932861328125
v -380.09918212890625 338.83352661132813 550.99932861328125
v -380.09918212890625 340.83352661132813 552.99932861328125
v -382.09918212890625 268.83352661132813 552.99932861328125
v -380.09918212890625 268.83352661132813 552.99932861328125
v -382.09918212890625 340.83352661132813 552.99932861328125
v -382.09918212890625 340.83352661132813 480.99932861328125
v -380.09918212890625 268.83352661132813 480.99932861328125
v -382.09918212890625 268.83352661132813 480.99932861328125
v -380.09918212890625 340.83352661132813 480.99932861328125
v -380.09918212890625 268.83352661132813 480.99932861328125
v -382.09918212890625 268.83352661132813 552.99932861328125
v -382.09918212890625 268.83352661132813 480.99932861328125
v -380.09918212890625 268.83352661132813 552.99932861328125
v -382.09918212890625 270.83352661132813 550.99932861328125
v -380.09918212890625 270.83352661132813 482.99932861328125
v -382.09918212890625 270.83352661132813 482.99932861328125
v -380.09918212890625 270.83352661132813 550.99932861328125
v -380.09918212890625 338.83352661132813 482.99932861328125
v -382.09918212890625 270.83352661132813 482.99932861328125
v -380.09918212890625 270.83352661132813 482.99932861328125
v -382.09918212890625 338.83352661132813 482.99932861328125
v -382.09918212890625 338.83352661132813 482.99932861328125
v -382.09918212890625 270.83352661132813 550.99932861328125
v -382.09918212890625 338.83352661132813 550.99932861328125
v -382.09918212890625 270.83352661132813 482.99932861328125
v -214.09918212890625 280.49072265625 672
v -216.09918212890625 282.49072265625 672
v -254.09918212890625 280.49072265625 672
v -214.09918212890625 295.03146362304688 672
v -216.09918212890625 293.03146362304688 672
v -254.09918212890625 295.03146362304688 672
v -252.09918212890625 282.49072265625 672
v -252.09918212890625 293.03146362304688 672
v -214.09918212890625 280.49072265625 670
v -214.09918212890625 295.03146362304688 672
v -214.09918212890625 280.49072265625 672
v -214.09918212890625 295.03146362304688 670
v -214.09918212890625 280.49072265625 670
v -254.09918212890625 280.49072265625 672
v -254.09918212890625 280.49072265625 670
v -214.09918212890625 280.49072265625 672
v -254.09918212890625 295.03146362304688 670
v -254.09918212890625 280.49072265625 672
v -254.09918212890625 295.03146362304688 672
v -254.09918212890625 280.49072265625 670
v -252.09918212890625 282.49072265625 672
v -216.09918212890625 282.49072265625 670
v -252.09918212890625 282.49072265625 670
v -216.09918212890625 282.49072265625 672
v -254.09918212890625 280.49072265625 670
v -252.09918212890625 282.49072265625 670
v -214.09918212890625 280.49072265625 670
v -254.09918212890625 295.03146362304688 670
v -252.09918212890625 293.03146362304688 670
v -216.09918212890625 293.03146362304688 670
v -216.09918212890625 282.49072265625 670
v -214.09918212890625 295.03146362304688 670
v -254.09918212890625 295.03146362304688 672
v -214.09918212890625 295.03146362304688 670
v -254.09918212890625 295.03146362304688 670
v -214.09918212890625 295.03146362304688 672
v -216.09918212890625 293.03146362304688 670
v -216.09918212890625 282.49072265625 672
v -216.09918212890625 293.03146362304688 672
v -216.09918212890625 282.49072265625 670
v -216.09918212890625 293.03146362304688 670
v -252.09918212890625 293.03146362304688 672
v -252.09918212890625 293.03146362304688 670
v -216.09918212890625 293.03146362304688 672
v -252.09918212890625 282.49072265625 670
v -252.09918212890625 293.03146362304688 672
v -252.09918212890625 282.49072265625 672
v -252.09918212890625 293.03146362304688 670
v -252.09918212890625 293.03146362304688 672
v -216.09918212890625 282.49072265625 672
v -252.09918212890625 282.49072265625 672
v -216.09918212890625 293.03146362304688 672
v -87.848678588867188 335.47088623046875 551.999267578125
v -87.848678588867188 333.47088623046875 549.999267578125
v -87.848678588867188 311.47088623046875 551.999267578125
v -87.848678588867188 335.47088623046875 503.999267578125
v -87.848678588867188 335.47088623046875 503.999267578125
v -87.848678588867188 333.47088623046875 505.999267578125
v -87.848678588867188 335.47088623046875 503.999267578125
v -87.848678588867188 313.47088623046875 505.999267578125
v -87.848678588867188 313.47088623046875 549.999267578125
v -87.848678588867188 311.47088623046875 503.999267578125
v -87.848678588867188 335.47088623046875 503.999267578125
v -85.848678588867188 311.47088623046875 503.999267578125
v -87.848678588867188 311.47088623046875 503.999267578125
v -85.848678588867188 335.47088623046875 503.999267578125
v -87.848678588867188 333.47088623046875 549.999267578125
v -85.848678588867188 313.47088623046875 549.999267578125
v -87.848678588867188 313.47088623046875 549.999267578125
v -85.848678588867188 333.47088623046875 549.999267578125
v -85.848678588867188 333.47088623046875 505.999267578125
v -87.848678588867188 313.47088623046875 505.999267578125
v -85.848678588867188 313.47088623046875 505.999267578125
v -87.848678588867188 333.47088623046875 505.999267578125
v -85.848678588867188 335.47088623046875 551.999267578125
v -87.848678588867188 335.47088623046875 503.999267578125
v -87.848678588867188 335.47088623046875 551.999267578125
v -85.848678588867188 335.47088623046875 503.999267578125
v -85.848678588867188 311.47088623046875 503.999267578125
v -87.848678588867188 311.47088623046875 551.999267578125
v -87.848678588867188 311.47088623046875 503.999267578125
v -85.848678588867188 311.47088623046875 551.999267578125
v -85.848678588867188 313.47088623046875 549.999267578125
v -87.848678588867188 313.47088623046875 505.999267578125
v -87.848678588867188 313.47088623046875 549.999267578125
v -85.848678588867188 313.47088623046875 505.999267578125
v -85.848678588867188 335.47088623046875 551.999267578125
v -87.848678588867188 311.47088623046875 551.999267578125
v -85.848678588867188 311.47088623046875 551.999267578125
v -87.848678588867188 335.47088623046875 551.999267578125
v -85.848678588867188 311.47088623046875 551.999267578125
v -85.848678588867188 313.47088623046875 549.999267578125
v -85.848678588867188 335.47088623046875 551.999267578125
v -85.848678588867188 311.47088623046875 503.999267578125
v -85.848678588867188 313.47088623046875 505.999267578125
v -85.848678588867188 333.47088623046875 505.999267578125
v -85.848678588867188 333.47088623046875 549.999267578125
v -85.848678588867188 335.47088623046875 503.999267578125
v -85.848678588867188 333.47088623046875 505.999267578125
v -87.848678588867188 333.47088623046875 549.999267578125
v -87.848678588867188 333.47088623046875 505.999267578125
v -85.848678588867188 333.47088623046875 549.999267578125
v -85.848678588867188 313.47088623046875 505.999267578125
v -85.848678588867188 333.47088623046875 549.999267578125
v -85.848678588867188 313.47088623046875 549.999267578125
v -85.848678588867188 333.47088623046875 505.999267578125
v -87.848678588867188 326.47088623046875 600.71697998046875
v -85.848678588867188 244.47090148925781 600.71697998046875
v -87.848678588867188 244.47090148925781 600.71697998046875
v -85.848678588867188 326.47088623046875 600.71697998046875
v -85.848678588867188 244.47090148925781 600.71697998046875
v -85.848678588867188 324.47088623046875 602.71697998046875
v -85.848678588867188 244.47090148925781 602.71697998046875
v -85.848678588867188 244.47090148925781 638.78411865234375
v -85.848678588867188 326.47088623046875 640.78411865234375
v -85.848678588867188 244.47090148925781 640.78411865234375
v -85.848678588867188 324.47088623046875 638.78411865234375
v -85.848678588867188 326.47088623046875 600.71697998046875
v -85.848678588867188 326.47088623046875 640.78411865234375
v -87.848678588867188 326.47088623046875 600.71697998046875
v -87.848678588867188 326.47088623046875 640.78411865234375
v -85.848678588867188 326.47088623046875 600.71697998046875
v -87.848678588867188 324.47088623046875 638.78411865234375
v -85.848678588867188 244.47090148925781 638.78411865234375
v -87.848678588867188 244.47090148925781 638.78411865234375
v -85.848678588867188 324.47088623046875 638.78411865234375
v -87.848678588867188 326.47088623046875 640.78411865234375
v -87.848678588867188 324.47088623046875 638.78411865234375
v -87.848678588867188 244.47090148925781 640.78411865234375
v -87.848678588867188 326.47088623046875 600.71697998046875
v -87.848678588867188 326.47088623046875 600.71697998046875
v -87.848678588867188 324.47088623046875 602.71697998046875
v -87.848678588867188 326.47088623046875 600.71697998046875
v -87.848678588867188 244.47090148925781 602.71697998046875
v -87.848678588867188 244.47090148925781 600.71697998046875
v -87.848678588867188 244.47090148925781 638.78411865234375
v -85.848678588867188 326.47088623046875 640.78411865234375
v -87.848678588867188 244.47090148925781 640.78411865234375
v -85.848678588867188 244.47090148925781 640.78411865234375
v -87.848678588867188 326.47088623046875 640.78411865234375
v -85.848678588867188 244.47090148925781 638.78411865234375
v -87.848678588867188 244.47090148925781 640.78411865234375
v -87.848678588867188 244.47090148925781 638.78411865234375
v -85.848678588867188 244.47090148925781 640.78411865234375
v -85.848678588867188 324.47088623046875 602.71697998046875
v -87.848678588867188 324.47088623046875 638.78411865234375
v -87.848678588867188 324.47088623046875 602.71697998046875
v -85.848678588867188 324.47088623046875 638.78411865234375
v -85.848678588867188 324.47088623046875 602.71697998046875
v -87.848678588867188 244.47090148925781 602.71697998046875
v -85.848678588867188 244.47090148925781 602.71697998046875
v -87.848678588867188 324.47088623046875 602.71697998046875
v -85.848678588867188 244.47090148925781 600.71697998046875
v -87.848678588867188 244.47090148925781 602.71697998046875
v -87.848678588867188 244.47090148925781 600.71697998046875
v -85.848678588867188 244.47090148925781 602.71697998046875
v -87.848678588867188 214.47090148925781 600.71697998046875
v -85.848678588867188 132.47090148925781 600.71697998046875
v -87.848678588867188 132.47090148925781 600.71697998046875
v -85.848678588867188 214.47090148925781 600.71697998046875
v -85.848678588867188 132.47090148925781 600.71697998046875
v -85.848678588867188 212.47090148925781 602.71697998046875
v -85.848678588867188 132.47090148925781 602.71697998046875
v -85.848678588867188 132.47090148925781 638.78411865234375
v -85.848678588867188 214.47090148925781 640.78411865234375
v -85.848678588867188 132.47090148925781 640.78411865234375
v -85.848678588867188 212.47090148925781 638.78411865234375
v -85.848678588867188 214.47090148925781 600.71697998046875
v -85.848678588867188 214.47090148925781 640.78411865234375
v -87.848678588867188 214.47090148925781 600.71697998046875
v -87.848678588867188 214.47090148925781 640.78411865234375
v -85.848678588867188 214.47090148925781 600.71697998046875
v -87.848678588867188 212.47090148925781 638.78411865234375
v -85.848678588867188 132.47090148925781 638.78411865234375
v -87.848678588867188 132.47090148925781 638.78411865234375
v -85.848678588867188 212.47090148925781 638.78411865234375
v -87.848678588867188 214.47090148925781 640.78411865234375
v -87.848678588867188 212.47090148925781 638.78411865234375
v -87.848678588867188 132.47090148925781 640.78411865234375
v -87.848678588867188 214.47090148925781 600.71697998046875
v -87.848678588867188 214.47090148925781 600.71697998046875
v -87.848678588867188 212.47090148925781 602.71697998046875
v -87.848678588867188 214.47090148925781 600.71697998046875
v -87.848678588867188 132.47090148925781 602.71697998046875
v -87.848678588867188 132.47090148925781 600.71697998046875
v -87.848678588867188 132.47090148925781 638.78411865234375
v -85.848678588867188 214.47090148925781 640.78411865234375
v -87.848678588867188 132.47090148925781 640.78411865234375
v -85.848678588867188 132.47090148925781 640.78411865234375
v -87.848678588867188 214.47090148925781 640.78411865234375
v -85.848678588867188 132.47090148925781 638.78411865234375
v -87.848678588867188 132.47090148925781 640.78411865234375
v -87.848678588867188 132.47090148925781 638.78411865234375
v -85.848678588867188 132.47090148925781 640.78411865234375
v -85.848678588867188 212.47090148925781 602.71697998046875
v -87.848678588867188 212.47090148925781 638.78411865234375
v -87.848678588867188 212.47090148925781 602.71697998046875
v -85.848678588867188 212.47090148925781 638.78411865234375
v -85.848678588867188 212.47090148925781 602.71697998046875
v -87.848678588867188 132.47090148925781 602.71697998046875
v -85.848678588867188 132.47090148925781 602.71697998046875
v -87.848678588867188 212.47090148925781 602.71697998046875
v -85.848678588867188 132.47090148925781 600.71697998046875
v -87.848678588867188 132.47090148925781 602.71697998046875
v -87.848678588867188 132.47090148925781 600.71697998046875
v -85.848678588867188 132.47090148925781 602.71697998046875
v -174.09918212890625 280.49072265625 672
v -176.09918212890625 282.49072265625 672
v -214.09918212890625 280.49072265625 672
v -174.09918212890625 295.03146362304688 672
v -176.09918212890625 293.03146362304688 672
v -214.09918212890625 295.03146362304688 672
v -212.09918212890625 282.49072265625 672
v -212.09918212890625 293.03146362304688 672
v -174.09918212890625 280.49072265625 670
v -174.09918212890625 295.03146362304688 672
v -174.09918212890625 280.49072265625 672
v -174.09918212890625 295.03146362304688 670
v -174.09918212890625 280.49072265625 670
v -214.09918212890625 280.49072265625 672
v -214.09918212890625 280.49072265625 670
v -174.09918212890625 280.49072265625 672
v -214.09918212890625 295.03146362304688 670
v -214.09918212890625 280.49072265625 672
v -214.09918212890625 295.03146362304688 672
v -214.09918212890625 280.49072265625 670
v -212.09918212890625 282.49072265625 672
v -176.09918212890625 282.49072265625 670
v -212.09918212890625 282.49072265625 670
v -176.09918212890625 282.49072265625 672
v -214.09918212890625 280.49072265625 670
v -212.09918212890625 282.49072265625 670
v -174.09918212890625 280.49072265625 670
v -214.09918212890625 295.03146362304688 670
v -212.09918212890625 293.03146362304688 670
v -176.09918212890625 293.03146362304688 670
v -176.09918212890625 282.49072265625 670
v -174.09918212890625 295.03146362304688 670
v -214.09918212890625 295.03146362304688 672
v -174.09918212890625 295.03146362304688 670
v -214.09918212890625 295.03146362304688 670
v -174.09918212890625 295.03146362304688 672
v -176.09918212890625 293.03146362304688 670
v -176.09918212890625 282.49072265625 672
v -176.09918212890625 293.03146362304688 672
v -176.09918212890625 282.49072265625 670
v -176.09918212890625 293.03146362304688 670
v -212.09918212890625 293.03146362304688 672
v -212.09918212890625 293.03146362304688 670
v -176.09918212890625 293.03146362304688 672
v -212.09918212890625 282.49072265625 670
v -212.09918212890625 293.03146362304688 672
v -212.09918212890625 282.49072265625 672
v -212.09918212890625 293.03146362304688 670
v -212.09918212890625 293.03146362304688 672
v -176.09918212890625 282.49072265625 672
v -212.09918212890625 282.49072265625 672
v -176.09918212890625 293.03146362304688 672
v -134.09918212890625 280.49072265625 672
v -136.09918212890625 282.49072265625 672
v -174.09918212890625 280.49072265625 672
v -134.09918212890625 295.03146362304688 672
v -136.09918212890625 293.03146362304688 672
v -174.09918212890625 295.03146362304688 672
v -172.09918212890625 282.49072265625 672
v -172.09918212890625 293.03146362304688 672
v -134.09918212890625 280.49072265625 670
v -134.09918212890625 295.03146362304688 672
v -134.09918212890625 280.49072265625 672
v -134.09918212890625 295.03146362304688 670
v -134.09918212890625 280.49072265625 670
v -174.09918212890625 280.49072265625 672
v -174.09918212890625 280.49072265625 670
v -134.09918212890625 280.49072265625 672
v -174.09918212890625 295.03146362304688 670
v -174.09918212890625 280.49072265625 672
v -174.09918212890625 295.03146362304688 672
v -174.09918212890625 280.49072265625 670
v -172.09918212890625 282.49072265625 672
v -136.09918212890625 282.49072265625 670
v -172.09918212890625 282.49072265625 670
v -136.09918212890625 282.49072265625 672
v -174.09918212890625 280.49072265625 670
v -172.09918212890625 282.49072265625 670
v -134.09918212890625 280.49072265625 670
v -174.09918212890625 295.03146362304688 670
v -172.09918212890625 293.03146362304688 670
v -136.09918212890625 293.03146362304688 670
v -134.09918212890625 280.49072265625 670
v -136.09918212890625 282.49072265625 670
v -134.09918212890625 295.03146362304688 670
v -174.09918212890625 295.03146362304688 672
v -134.09918212890625 295.03146362304688 670
v -174.09918212890625 295.03146362304688 670
v -134.09918212890625 295.03146362304688 672
v -136.09918212890625 293.03146362304688 670
v -136.09918212890625 282.49072265625 672
v -136.09918212890625 293.03146362304688 672
v -136.09918212890625 282.49072265625 670
v -136.09918212890625 293.03146362304688 670
v -172.09918212890625 293.03146362304688 672
v -172.09918212890625 293.03146362304688 670
v -136.09918212890625 293.03146362304688 672
v -172.09918212890625 282.49072265625 670
v -172.09918212890625 293.03146362304688 672
v -172.09918212890625 282.49072265625 672
v -172.09918212890625 293.03146362304688 670
v -172.09918212890625 293.03146362304688 672
v -136.09918212890625 282.49072265625 672
v -172.09918212890625 282.49072265625 672
v -136.09918212890625 293.03146362304688 672
v -214.09918212890625 168.48118591308594 672
v -216.09918212890625 170.48118591308594 672
v -254.09918212890625 168.48118591308594 672
v -214.09918212890625 183.02191162109375 672
v -216.09918212890625 181.02191162109375 672
v -254.09918212890625 183.02191162109375 672
v -252.09918212890625 170.48118591308594 672
v -252.09918212890625 181.02191162109375 672
v -214.09918212890625 168.48118591308594 670
v -214.09918212890625 183.02191162109375 672
v -214.09918212890625 168.48118591308594 672
v -214.09918212890625 183.02191162109375 670
v -214.09918212890625 168.48118591308594 670
v -254.09918212890625 168.48118591308594 672
v -254.09918212890625 168.48118591308594 670
v -214.09918212890625 168.48118591308594 672
v -254.09918212890625 183.02191162109375 670
v -254.09918212890625 168.48118591308594 672
v -254.09918212890625 183.02191162109375 672
v -254.09918212890625 168.48118591308594 670
v -252.09918212890625 170.48118591308594 672
v -216.09918212890625 170.48118591308594 670
v -252.09918212890625 170.48118591308594 670
v -216.09918212890625 170.48118591308594 672
v -254.09918212890625 168.48118591308594 670
v -252.09918212890625 170.48118591308594 670
v -214.09918212890625 168.48118591308594 670
v -254.09918212890625 183.02191162109375 670
v -252.09918212890625 181.02191162109375 670
v -216.09918212890625 181.02191162109375 670
v -216.09918212890625 170.48118591308594 670
v -214.09918212890625 183.02191162109375 670
v -254.09918212890625 183.02191162109375 672
v -214.09918212890625 183.02191162109375 670
v -254.09918212890625 183.02191162109375 670
v -214.09918212890625 183.02191162109375 672
v -216.09918212890625 181.02191162109375 670
v -216.09918212890625 170.48118591308594 672
v -216.09918212890625 181.02191162109375 672
v -216.09918212890625 170.48118591308594 670
v -216.09918212890625 181.02191162109375 670
v -252.09918212890625 181.02191162109375 672
v -252.09918212890625 181.02191162109375 670
v -216.09918212890625 181.02191162109375 672
v -252.09918212890625 170.48118591308594 670
v -252.09918212890625 181.02191162109375 672
v -252.09918212890625 170.48118591308594 672
v -252.09918212890625 181.02191162109375 670
v -252.09918212890625 181.02191162109375 672
v -216.09918212890625 170.48118591308594 672
v -252.09918212890625 170.48118591308594 672
v -216.09918212890625 181.02191162109375 672
v -134.09918212890625 168.48118591308594 672
v -136.09918212890625 170.48118591308594 672
v -174.09918212890625 168.48118591308594 672
v -134.09918212890625 183.02191162109375 672
v -136.09918212890625 181.02191162109375 672
v -174.09918212890625 183.02191162109375 672
v -172.09918212890625 170.48118591308594 672
v -172.09918212890625 181.02191162109375 672
v -134.09918212890625 168.48118591308594 670
v -134.09918212890625 183.02191162109375 672
v -134.09918212890625 168.48118591308594 672
v -134.09918212890625 183.02191162109375 670
v -134.09918212890625 168.48118591308594 670
v -174.09918212890625 168.48118591308594 672
v -174.09918212890625 168.48118591308594 670
v -134.09918212890625 168.48118591308594 672
v -174.09918212890625 183.02191162109375 670
v -174.09918212890625 168.48118591308594 672
v -174.09918212890625 183.02191162109375 672
v -174.09918212890625 168.48118591308594 670
v -172.09918212890625 170.48118591308594 672
v -136.09918212890625 170.48118591308594 670
v -172.09918212890625 170.48118591308594 670
v -136.09918212890625 170.48118591308594 672
v -174.09918212890625 168.48118591308594 670
v -172.09918212890625 170.48118591308594 670
v -134.09918212890625 168.48118591308594 670
v -174.09918212890625 183.02191162109375 670
v -172.09918212890625 181.02191162109375 670
v -136.09918212890625 181.02191162109375 670
v -136.09918212890625 170.48118591308594 670
v -134.09918212890625 183.02191162109375 670
v -174.09918212890625 183.02191162109375 672
v -134.09918212890625 183.02191162109375 670
v -174.09918212890625 183.02191162109375 670
v -134.09918212890625 183.02191162109375 672
v -136.09918212890625 181.02191162109375 670
v -136.09918212890625 170.48118591308594 672
v -136.09918212890625 181.02191162109375 672
v -136.09918212890625 170.48118591308594 670
v -136.09918212890625 181.02191162109375 670
v -172.09918212890625 181.02191162109375 672
v -172.09918212890625 181.02191162109375 670
v -136.09918212890625 181.02191162109375 672
v -172.09918212890625 170.48118591308594 670
v -172.09918212890625 181.02191162109375 672
v -172.09918212890625 170.48118591308594 672
v -172.09918212890625 181.02191162109375 670
v -172.09918212890625 181.02191162109375 672
v -136.09918212890625 170.48118591308594 672
v -172.09918212890625 170.48118591308594 672
v -136.09918212890625 181.02191162109375 672
v -174.09918212890625 168.48118591308594 672
v -176.09918212890625 170.48118591308594 672
v -214.09918212890625 168.48118591308594 672
v -174.09918212890625 183.02191162109375 672
v -176.09918212890625 181.02191162109375 672
v -214.09918212890625 183.02191162109375 672
v -212.09918212890625 170.48118591308594 672
v -212.09918212890625 181.02191162109375 672
v -174.09918212890625 168.48118591308594 670
v -174.09918212890625 183.02191162109375 672
v -174.09918212890625 168.48118591308594 672
v -174.09918212890625 183.02191162109375 670
v -174.09918212890625 168.48118591308594 670
v -214.09918212890625 168.48118591308594 672
v -214.09918212890625 168.48118591308594 670
v -174.09918212890625 168.48118591308594 672
v -214.09918212890625 183.02191162109375 670
v -214.09918212890625 168.48118591308594 672
v -214.09918212890625 183.02191162109375 672
v -214.09918212890625 168.48118591308594 670
v -212.09918212890625 170.48118591308594 672
v -176.09918212890625 170.48118591308594 670
v -212.09918212890625 170.48118591308594 670
v -176.09918212890625 170.48118591308594 672
v -214.09918212890625 168.48118591308594 670
v -212.09918212890625 170.48118591308594 670
v -174.09918212890625 168.48118591308594 670
v -214.09918212890625 183.02191162109375 670
v -212.09918212890625 181.02191162109375 670
v -176.09918212890625 181.02191162109375 670
v -176.09918212890625 170.48118591308594 670
v -174.09918212890625 183.02191162109375 670
v -214.09918212890625 183.02191162109375 672
v -174.09918212890625 183.02191162109375 670
v -214.09918212890625 183.02191162109375 670
v -174.09918212890625 183.02191162109375 672
v -176.09918212890625 181.02191162109375 670
v -176.09918212890625 170.48118591308594 672
v -176.09918212890625 181.02191162109375 672
v -176.09918212890625 170.48118591308594 670
v -176.09918212890625 181.02191162109375 670
v -212.09918212890625 181.02191162109375 672
v -212.09918212890625 181.02191162109375 670
v -176.09918212890625 181.02191162109375 672
v -212.09918212890625 170.48118591308594 670
v -212.09918212890625 181.02191162109375 672
v -212.09918212890625 170.48118591308594 672
v -212.09918212890625 181.02191162109375 670
v -212.09918212890625 181.02191162109375 672
v -176.09918212890625 170.48118591308594 672
v -212.09918212890625 170.48118591308594 672
v -176.09918212890625 181.02191162109375 672
vn 0 0 1
vn 0 0 1
vn 0 0 1
vn 0 0 1
vn 0 0 1
vn 0 0 1
vn 0 0 1
vn 0 0 1
vn 0 0 1
vn 0 0 1
vn 0 0 1
vn 0 0 1
vn 0 0 1
vn 0 0 1
vn 0 0 1
vn 0 0 1
vn 0 0 1
vn 0 0 1
vn 0 0 1
vn 0 0 1
vn 0 0 1
vn 0 0 1
vn 0 0 1
vn 0 0 1
vn 0 0 1
vn 0 0 1
vn 0 0 1
vn 0 0 1
vn 0 0 1
vn 0 0 1
vn 0 0 1
vn 0 0 1
vn 0 0 1
vn 0 0 1
vn -1 0 0
vn -1 0 0
vn -1 0 0
vn -1 0 0
vn -1 0 0
vn -1 0 0
vn -1 0 0
vn -1 0 0
vn -1 0 0
vn -1 0 0
vn -1 0 0
vn -1 0 0
vn -1 0 0
vn -1 0 0
vn -1 0 0
vn -1 0 0
vn -1 0 0
vn 0 1 0
vn 0 1 0
vn 0 1 0
vn 0 1 0
vn 0 1 0
vn 0 1 0
vn -1 0 0
vn -1 0 0
vn -1 0 0
vn -1 0 0
vn -1 0 0
vn -1 0 0
vn -1 0 0
vn 0 0 -1
vn 0 0 -1
vn 0 0 -1
vn 0 0 -1
vn 0 0 -1
vn 0 0 -1
vn 0 0 -1
vn 0 0 -1
vn 0 0 -1
vn 0 0 -1
vn 0 0 -1
vn 0 0 -1
vn 0 0 -1
vn 0 0 -1
vn 0 0 -1
vn 0 0 -1
vn 0 0 -1
vn 0 0 -1
vn 0 0 -1
vn 1 0 0
vn 1 0 0
vn 1 0 0
vn 1 0 0
vn 1 0 0
vn 1 0 0
vn 1 0 0
vn 1 0 0
vn 1 0 0
vn 1 0 0
vn 1 0 0
vn 1 0 0
vn 1 0 0
vn 1 0 0
vn 1 0 0
vn 1 0 0
vn 1 0 0
vn 1 0 0
vn 1 0 0
vn 1 0 0
vn 1 0 0
vn 1 0 0
vn 1 0 0
vn 1 0 0
vn 1 0 0
vn 0 1 0
vn 0 1 0
vn 0 1 0
vn 1 0 0
vn 1 0 0
vn 1 0 0
vn 0 1 0
vn 0 1 0
vn 0 1 0
vn 0 1 0
vn 0 0 -1
vn 0 0 -1
vn 0 0 -1
vn 0 0 -1
vn 0 -1 0
vn 0 -1 0
vn 0 -1 0
vn 0 -1 0
vn 0 0 1
vn 0 0 1
vn 0 0 1
vn 0 0 1
vn -1 0 0
vn -1 0 0
vn -1 0 0
vn -1 0 0
vn -1 0 0
vn -1 0 0
vn -1 0 0
vn -1 0 0
vn 0 0 -1
vn 0 0 -1
vn 0 0 -1
vn 0 0 -1
vn 0 0 -1
vn 0 -1 0
vn 0 -1 0
vn 0 -1 0
vn 0 -1 0
vn 0 0 -1
vn 0 0 -1
vn 0 0 -1
vn 0 0 -1
vn 0 -1 0
vn 0 -1 0
vn 0 -1 0
vn 0 -1 0
vn 0 0 1
vn 0 0 1
vn 0 0 1
vn 0 0 1
vn 0 1 0
vn 0 1 0
vn 0 1 0
vn 0 1 0
vn 0 0 1
vn 0 0 1
vn 0 0 1
vn 0 0 1
vn 0 1 0
vn 0 1 0
vn 0 1 0
vn 0 1 0
vn 0 0 -1
vn 0 0 -1
vn 0 0 -1
vn 0 0 -1
vn 0 -1 0
vn 0 -1 0
vn 0 -1 0
vn 0 -1 0
vn 0 0 -1
vn 0 0 -1
vn 0 0 -1
vn 0 0 -1
vn 0 -1 0
vn 0 -1 0
vn 0 -1 0
vn 0 -1 0
vn 0 0 1
vn 0 0 1
vn 0 0 1
vn 0 0 1
vn 0 -1 0
vn 0 -1 0
vn 0 -1 0
vn 0 -1 0
vn 0 -1 0
vn 0 -1 0
vn 0 1 0
vn 0 1 0
vn 0 1 0
vn 0 1 0
vn 1 0 0
vn 1 0 0
vn 1 0 0
vn 1 0 0
vn 0 -1 0
vn 0 -1 0
vn 0 -1 0
vn 0 -1 0
vn -1 0 0
vn -1 0 0
vn -1 0 0
vn -1 0 0
vn 1 0 0
vn 1 0 0
vn 1 0 0
vn 1 0 0
vn 0 -1 0
vn 0 -1 0
vn 0 -1 0
vn 0 -1 0
vn -1 0 0
vn -1 0 0
vn -1 0 0
vn -1 0 0
vn 0 1 0
vn 0 1 0
vn 0 1 0
vn 0 1 0
vn 0 -1 0
vn 0 -1 0
vn 0 -1 0
vn 0 -1 0
vn 1 0 0
vn 1 0 0
vn 1 0 0
vn 1 0 0
vn 0 1 0
vn 0 1 0
vn 0 1 0
vn 0 1 0
vn -1 0 0
vn -1 0 0
vn -1 0 0
vn -1 0 0
vn 0 -1 0
vn 0 -1 0
vn 0 -1 0
vn 0 -1 0
vn -1 0 0
vn -1 0 0
vn -1 0 0
vn -1 0 0
vn 0 1 0
vn 0 1 0
vn 0 1 0
vn 0 1 0
vn 1 0 0
vn 1 0 0
vn 1 0 0
vn 1 0 0
vn 1 0 0
vn 1 0 0
vn 1 0 0
vn 1 0 0
vn 0 -1 0
vn 0 -1 0
vn 0 -1 0
vn 0 -1 0
vn -1 0 0
vn -1 0 0
vn -1 0 0
vn -1 0 0
vn 0 -1 0
vn 0 -1 0
vn 0 -1 0
vn 0 -1 0
vn 0 -1 0
vn 0 -1 0
vn 0 -1 0
vn 0 -1 0
vn 0 -1 0
vn 0 -1 0
vn 0 -1 0
vn 0 -1 0
vn 0 -1 0
vn 0 1 0
vn 0 1 0
vn 0 1 0
vn 0 1 0
vn 0 1 0
vn 0 1 0
vn 0 1 0
vn 1 0 0
vn 1 0 0
vn 1 0 0
vn 1 0 0
vn 0 0 -1
vn 0 0 -1
vn 0 0 -1
vn 0 0 -1
vn 0 0 1
vn 0 0 1
vn 0 0 1
vn 0 0 1
vn 0 -1 0
vn 0 -1 0
vn 0 -1 0
vn 0 -1 0
vn 0 0 -1
vn 0 0 -1
vn 0 0 -1
vn 0 0 -1
vn 0 1 0
vn 0 1 0
vn 0 1 0
vn 0 1 0
vn 0 1 0
vn 0 1 0
vn 0 1 0
vn 0 1 0
vn 0 0 1
vn 0 0 1
vn 0 0 1
vn 0 0 1
vn 0 -1 0
vn 0 -1 0
vn 0 -1 0
vn 0 -1 0
vn 0 0 -1
vn 0 0 -1
vn 0 0 -1
vn 0 0 -1
vn 0 1 0
vn 0 1 0
vn 0 1 0
vn 0 1 0
vn 0 0 1
vn 0 0 1
vn 0 0 1
vn 0 0 1
vn 0 -1 0
vn 0 -1 0
vn 0 -1 0
vn 0 -1 0
vn 0 0 -1
vn 0 0 -1
vn 0 0 -1
vn 0 0 -1
vn -1 0 0
vn -1 0 0
vn -1 0 0
vn -1 0 0
vn 0 -1 0
vn 0 -1 0
vn 0 -1 0
vn 0 -1 0
vn 1 0 0
vn 1 0 0
vn 1 0 0
vn 1 0 0
vn 0 1 0
vn 0 1 0
vn 0 1 0
vn 0 1 0
vn -1 0 0
vn -1 0 0
vn -1 0 0
vn -1 0 0
vn 0 -1 0
vn 0 -1 0
vn 0 -1 0
vn 0 -1 0
vn 1 0 0
vn 1 0 0
vn 1 0 0
vn 1 0 0
vn 0 -1 0
vn 0 -1 0
vn 0 -1 0
vn 0 -1 0
vn 0 -1 0
vn 0 -1 0
vn 0 1 0
vn 0 1 0
vn 0 1 0
vn 0 1 0
vn 0 0 -1
vn 0 0 -1
vn 0 0 -1
vn 0 0 -1
vn 0 1 0
vn 0 1 0
vn 0 1 0
vn 0 1 0
vn 0 -1 0
vn 0 -1 0
vn 0 -1 0
vn 0 -1 0
vn -1 0 0
vn -1 0 0
vn -1 0 0
vn -1 0 0
vn 0 0 1
vn 0 0 1
vn 0 0 1
vn 0 0 1
vn 0 0 1
vn 0 0 1
vn 0 0 1
vn 0 0 1
vn 0 1 0
vn 0 1 0
vn 0 1 0
vn 0 1 0
vn 1 0 0
vn 1 0 0
vn 1 0 0
vn 1 0 0
vn 1 0 0
vn 1 0 0
vn 1 0 0
vn 1 0 0
vn -1 0 0
vn -1 0 0
vn -1 0 0
vn -1 0 0
vn 0 -1 0
vn 0 -1 0
vn 0 -1 0
vn 0 -1 0
vn 0 0 -1
vn 0 0 -1
vn 0 0 -1
vn 0 0 -1
vn 0 0 -1
vn 0 0 -1
vn 0 0 -1
vn 0 0 -1
vn 0 0 -1
vn 0 0 -1
vn 0 0 -1
vn 0 0 -1
vn 1 0 0
vn 1 0 0
vn 1 0 0
vn 1 0 0
vn 1 0 0
vn 1 0 0
vn 1 0 0
vn 1 0 0
vn 1 0 0
vn 1 0 0
vn 1 0 0
vn 1 0 0
vn 1 0 0
vn 1 0 0
vn 1 0 0
vn 1 0 0
vn 1 0 0
vn 1 0 0
vn 0 1 0
vn 0 1 0
vn 0 1 0
vn 0 1 0
vn 0 1 0
vn 0 1 0
vn 1 0 0
vn 1 0 0
vn 1 0 0
vn 1 0 0
vn 1 0 0
vn 1 0 0
vn 1 0 0
vn 1 0 0
vn 1 0 0
vn 1 0 0
vn 1 0 0
vn 1 0 0
vn 1 0 0
vn 1 0 0
vn 1 0 0
vn 1 0 0
vn 1 0 0
vn 1 0 0
vn 0 -1 0
vn 0 -1 0
vn 0 -1 0
vn 0 -1 0
vn 0 0 -1
vn 0 0 -1
vn 0 0 -1
vn 0 0 -1
vn 0 0 1
vn 0 0 1
vn 0 0 1
vn 0 0 1
vn 0 -1 0
vn 0 -1 0
vn 0 -1 0
vn 0 -1 0
vn 0 -1 0
vn 0 -1 0
vn 0 0 1
vn 0 0 1
vn 0 0 1
vn 0 0 1
vn 0 0 1
vn 0 0 1
vn 0 0 1
vn 0 0 1
vn 0 0 1
vn 0 0 1
vn 0 0 1
vn 0 0 1
vn 0 0 1
vn 0 0 1
vn 0 0 1
vn 0 0 1
vn 0 0 1
vn 0 0 1
vn 0 0 1
vn 0 0 1
vn 0 0 1
vn 0 0 1
vn 0 0 1
vn 0 0 1
vn 0 0 1
vn 0 0 1
vn 0 0 1
vn 0 0 1
vn 0 0 1
vn 0 0 1
vn 0 0 1
vn 0 0 1
vn 0 0 1
vn 0 0 1
vn 0 0 1
vn 0 0 1
vn 0 0 1
vn 0 0 1
vn 0 0 1
vn 0 0 1
vn 0 0 1
vn 0 0 1
vn 0 0 1
vn 0 0 1
vn 0 1 0
vn 0 1 0
vn 0 1 0
vn 0 0 1
vn 0 0 1
vn 0 0 1
vn 0 0 1
vn 0 0 1
vn 0 0 1
vn 0 1 0
vn 0 1 0
vn 0 1 0
vn 0 1 0
vn 0 1 0
vn 1 0 0
vn 1 0 0
vn 1 0 0
vn 1 0 0
vn 1 0 0
vn 1 0 0
vn 0 -1 0
vn 0 -1 0
vn 0 -1 0
vn 0 -1 0
vn 0 -1 0
vn 0 -1 0
vn 0 -1 0
vn -1 0 0
vn -1 0 0
vn -1 0 0
vn -1 0 0
vn 0 -1 0
vn 0 -1 0
vn -1 0 0
vn -1 0 0
vn 0 1 0
vn 0 1 0
vn 1 0 0
vn 1 0 0
vn 0 -1 0
vn 0 -1 0
vn 0 -1 0
vn 0 -1 0
vn 0 -1 0
vn -1 0 0
vn -1 0 0
vn -1 0 0
vn -1 0 0
vn 0 1 0
vn 0 1 0
vn 0 1 0
vn 0 1 0
vn 0 1 0
vn 1 0 0
vn 1 0 0
vn 1 0 0
vn 1 0 0
vn 0 -1 0
vn 0 -1 0
vn 0 -1 0
vn 0 -1 0
vn 1 0 0
vn 1 0 0
vn 1 0 0
vn 1 0 0
vn 1 0 0
vn 1 0 0
vn 1 0 0
vn 1 0 0
vn 1 0 0
vn 1 0 0
vn 1 0 0
vn 1 0 0
vn 1 0 0
vn 0 -1 0
vn 0 -1 0
vn 0 -1 0
vn 0 -1 0
vn 0 -1 0
vn 0 -1 0
vn 0 -1 0
vn -1 0 0
vn -1 0 0
vn -1 0 0
vn -1 0 0
vn 0 1 0
vn 0 1 0
vn 0 1 0
vn 0 1 0
vn 0 1 0
vn 0 -1 0
vn 0 -1 0
vn 0 -1 0
vn 0 -1 0
vn -1 0 0
vn -1 0 0
vn -1 0 0
vn -1 0 0
vn -1 0 0
vn -1 0 0
vn 0 1 0
vn 0 1 0
vn 0 1 0
vn 0 1 0
vn 0 1 0
vn 0 1 0
vn 0 1 0
vn 0 1 0
vn 1 0 0
vn 1 0 0
vn 1 0 0
vn 1 0 0
vn 0 1 0
vn 0 1 0
vn 0 1 0
vn 0 1 0
vn 1 0 0
vn 1 0 0
vn 1 0 0
vn 1 0 0
vn 0 -1 0
vn 0 -1 0
vn 0 -1 0
vn 0 -1 0
vn -1 0 0
vn -1 0 0
vn -1 0 0
vn -1 0 0
vn -1 0 0
vn -1 0 0
vn -1 0 0
vn -1 0 0
vn 0 1 0
vn 0 1 0
vn 0 1 0
vn 0 1 0
vn 0 1 0
vn 0 1 0
vn 1 0 0
vn 1 0 0
vn 1 0 0
vn 1 0 0
vn 0 -1 0
vn 0 -1 0
vn 0 -1 0
vn 0 -1 0
vn -1 0 0
vn -1 0 0
vn -1 0 0
vn -1 0 0
vn 0 -1 0
vn 0 -1 0
vn 0 -1 0
vn 0 -1 0
vn -1 0 0
vn -1 0 0
vn -1 0 0
vn -1 0 0
vn 0 -1 0
vn 0 -1 0
vn -1 0 0
vn -1 0 0
vn 0 1 0
vn 0 1 0
vn 1 0 0
vn 1 0 0
vn 0 1 0
vn 0 1 0
vn 0 1 0
vn 0 1 0
vn 1 0 0
vn 1 0 0
vn 1 0 0
vn 1 0 0
vn 0 -1 0
vn 0 -1 0
vn 0 -1 0
vn 0 -1 0
vn -1 0 0
vn -1 0 0
vn -1 0 0
vn -1 0 0
vn 0 0 -1
vn 0 0 -1
vn 0 0 -1
vn 0 0 -1
vn 0 0 -1
vn 0 0 -1
vn 0 0 -1
vn 0 0 -1
vn 0 0 -1
vn 0 0 -1
vn 0 0 -1
vn 0 0 -1
vn 0 0 -1
vn 0 0 -1
vn 0 0 -1
vn 0 0 -1
vn 0 0 -1
vn 0 0 -1
vn 0 0 -1
vn 0 0 -1
vn 0 0 -1
vn 0 0 -1
vn 0 0 -1
vn 0 0 -1
vn 0 0 -1
vn 0 0 -1
vn 0 0 -1
vn 0 0 -1
vn 0 0 -1
vn 0 0 -1
vn 0 0 -1
vn 0 1 0
vn 0 1 0
vn 0 1 0
vn 0 0 -1
vn 0 0 -1
vn 0 0 -1
vn 0 0 -1
vn 0 1 0
vn 0 1 0
vn 0 1 0
vn 0 0 -1
vn 0 0 -1
vn 0 0 -1
vn 0 0 -1
vn 0 0 -1
vn 0 0 -1
vn 0 0 -1
vn 0 0 -1
vn 0 0 -1
vn 0 0 -1
vn 0 1 0
vn 0 1 0
vn 0 1 0
vn 0 1 0
vn -1 0 0
vn -1 0 0
vn -1 0 0
vn -1 0 0
vn 0 -1 0
vn 0 -1 0
vn 0 -1 0
vn 0 -1 0
vn 1 0 0
vn 1 0 0
vn 1 0 0
vn 1 0 0
vn 0 1 0
vn 0 1 0
vn 0 1 0
vn 0 1 0
vn 1 0 0
vn 1 0 0
vn 1 0 0
vn 1 0 0
vn 0 1 0
vn 0 1 0
vn 0 1 0
vn 0 1 0
vn 0 1 0
vn 0 1 0
vn -1 0 0
vn -1 0 0
vn -1 0 0
vn -1 0 0
vn -1 0 0
vn -1 0 0
vn 0 -1 0
vn 0 -1 0
vn 0 -1 0
vn 0 -1 0
vn 0 -1 0
vn 0 -1 0
vn 1 0 0
vn 1 0 0
vn 1 0 0
vn 1 0 0
vn 0 1 0
vn 0 1 0
vn 0 1 0
vn 0 1 0
vn 0 1 0
vn 0 1 0
vn -1 0 0
vn -1 0 0
vn -1 0 0
vn -1 0 0
vn 0 -1 0
vn 0 -1 0
vn 0 -1 0
vn 0 -1 0
vn 1 0 0
vn 1 0 0
vn 1 0 0
vn 1 0 0
vn 0 -1 0
vn 0 -1 0
vn 0 -1 0
vn 0 -1 0
vn 0 -1 0
vn 1 0 0
vn 1 0 0
vn 1 0 0
vn 1 0 0
vn 1 0 0
vn 1 0 0
vn 0 1 0
vn 0 1 0
vn 0 1 0
vn 0 1 0
vn 0 1 0
vn 0 -1 0
vn 0 -1 0
vn 0 -1 0
vn 0 -1 0
vn 1 0 0
vn 1 2.3184092867722939E-07 0
vn 1 0 0
vn 1 4.6368185735445877E-07 0
vn 1 6.9552277182083344E-07 0
vn 1 6.9552277182083344E-07 0
vn 0 1 0
vn 0 1 0
vn 0 1 0
vn 0 1 0
vn 1 0 0
vn 1 0 0
vn 1 0 0
vn 1 0 0
vn 0 1 0
vn 0 1 0
vn 0 1 0
vn 0 1 0
vn 0 -1 0
vn 0 -1 0
vn 0 -1 0
vn 0 -1 0
vn 0 -1 0
vn 0 1 0
vn 0 1 0
vn 0 1 0
vn 0 1 0
vn -1 0 0
vn -1 0 0
vn -1 0 0
vn -1 0 0
vn 0 -1 0
vn 0 -1 0
vn 0 -1 0
vn 0 -1 0
vn 0 -1 0
vn 0 -1 0
vn 1 0 0
vn 1 0 0
vn 1 0 0
vn 1 0 0
vn 0 1 0
vn 0 1 0
vn 0 1 0
vn 0 1 0
vn -1 0 0
vn -1 0 0
vn -1 0 0
vn -1 0 0
vn -1 0 0
vn -1 0 0
vn -1 0 0
vn 0 -1 0
vn 0 -1 0
vn 0 -1 0
vn 0 -1 0
vn -1 0 0
vn -1 0 0
vn -1 0 0
vn -1 0 0
vn 0 -1 0
vn 0 -1 0
vn 0 -1 0
vn 0 -1 0
vn 1 0 0
vn 1 0 0
vn 1 0 0
vn 1 0 0
vn 1 0 0
vn 1 0 0
vn 1 0 0
vn 1 0 0
vn 0 1 0
vn 0 1 0
vn 0 1 0
vn 0 1 0
vn -1 0 0
vn -1 -3.4776138591041672E-07 0
vn -1 0 0
vn -1 -3.4776138591041672E-07 0
vn -1 -6.9552277182083344E-07 0
vn -1 -6.9552277182083344E-07 0
vn 0 -1 0
vn 0 -1 0
vn 0 1 0
vn 0 1 0
vn 0 1 0
vn 0 1 0
vn 0 -1 0
vn 0 -1 0
vn 0 -1 0
vn 0 -1 0
vn 0 -1 0
vn 0 -1 0
vn 0 -1 0
vn 0 -1 0
vn 1 0 0
vn 1 0 0
vn 1 0 0
vn 1 0 0
vn -1 0 0
vn -1 0 0
vn -1 0 0
vn -1 0 0
vn -1 0 0
vn -1 0 0
vn -1 0 0
vn -1 0 0
vn -1 0 0
vn -1 0 0
vn -1 0 0
vn -1 0 0
vn 0 1 0
vn 0 1 0
vn 0 1 0
vn 0 1 0
vn 0 1 0
vn 0 1 0
vn 0 1 0
vn 0 0 1
vn 0 0 1
vn 0 0 1
vn 0 0 1
vn 0 0 -1
vn 0 0 -1
vn 0 0 -1
vn 0 0 -1
vn 0 -1 0
vn 0 -1 0
vn 0 -1 0
vn 0 -1 0
vn 0 -1 0
vn 0 -1 0
vn 0 0 1
vn 0 0 1
vn 0 0 1
vn 0 0 1
vn 0 1 0
vn 0 1 0
vn 0 1 0
vn 0 1 0
vn 0 1 0
vn 0 1 0
vn 0 1 0
vn 0 1 0
vn 0 1 0
vn 0 1 0
vn 0 1 0
vn 0 1 0
vn 0 1 0
vn 0 1 0
vn 0 0 1
vn 0 0 1
vn 0 0 1
vn 0 0 1
vn 0 0 1
vn 0 0 1
vn 0 0 1
vn 0 0 1
vn 0 0 1
vn 0 0 1
vn 0 0 1
vn 0 0 1
vn 0 0 1
vn 0 0 1
vn 0 0 1
vn 0 0 1
vn 0 0 1
vn 0 0 1
vn 0 1 0
vn 0 1 0
vn 0 1 0
vn 0 0 1
vn 0 0 1
vn 0 0 1
vn 0 0 1
vn 0 0 1
vn 0 0 1
vn 0 0 1
vn 0 0 1
vn 0 0 1
vn 0 0 1
vn 0 0 1
vn 0 0 1
vn 0 0 1
vn 0 0 1
vn 0 0 1
vn 0 0 1
vn 0 0 1
vn 0 0 1
vn 0 0 1
vn 0 0 1
vn 0 0 1
vn 0 0 1
vn 0 0 1
vn 0 0 1
vn 0 1 0
vn 0 1 0
vn 0 1 0
vn 0 1 0
vn 0 1 0
vn 0 1 0
vn 0 1 0
vn 0 1 0
vn 0 1 0
vn 0 0 1
vn 0 0 1
vn 0 0 1
vn 0 0 1
vn 0 0 1
vn 0 1 0
vn 0 1 0
vn 0 1 0
vn 0 0 1
vn 0 0 1
vn 0 0 1
vn 0 0 1
vn 0 1 0
vn 0 1 0
vn 0 1 0
vn 0 0 1
vn 0 0 1
vn 0 0 1
vn 0 0 1
vn 0 0 1
vn 0 0 1
vn 0 0 1
vn 0 0 1
vn 0 0 1
vn 0 0 1
vn -1 0 0
vn -1 0 0
vn -1 0 0
vn -1 0 0
vn -1 0 0
vn -1 0 0
vn -1 0 0
vn 0 1 0
vn 0 1 0
vn 0 1 0
vn -1 0 0
vn 0 -1 0
vn 0 -0.99993389844894409 0.011498527601361275
vn 0 -1 0
vn 0 -0.99973553419113159 0.022997055202722549
vn 0 1 0
vn 0 1 0
vn 0 1 0
vn 0 1 0
vn 0 1 0
vn 0 1 0
vn 0 1 0
vn 0 0 1
vn 0 0 1
vn 0 0 1
vn 0 0 1
vn 0 -1 0
vn 0 -1 0
vn 0 -1 0
vn 0 -1 0
vn 0 0 -1
vn 0 0 -1
vn 0 0 -1
vn 0 0 -1
vn 0 0 -1
vn 0 0 -1
vn 0 1 0
vn 0 1 0
vn 0 1 0
vn 0 1 0
vn 0 0 -1
vn 0 0 -1
vn 0 0 -1
vn 0 0 -1
vn 0 1 0
vn 0 1 0
vn 0 1 0
vn 0 1 0
vn 0 1 0
vn 0 1 0
vn 0 1 0
vn 0 1 0
vn 0 0 1
vn 0 0 1
vn 0 0 1
vn 0 0 1
vn 0 0 1
vn 0 0 1
vn 0 0 1
vn 0 0 1
vn 0 -1 0
vn 0 -1 0
vn 0 -1 0
vn 0 -1 0
vn 0 0 -1
vn 0 0 -1
vn 0 0 -1
vn 0 0 -1
vn 0 -1 0
vn 0 -1 0
vn 0 -1 0
vn 0 -1 0
vn 0 0 1
vn 0 0 1
vn 0 0 1
vn 0 0 1
vn 0 -1 0
vn 0 -1 0
vn 0 -1 0
vn 0 -1 0
vn 0 1 0
vn 0 0.99999994039535522 0.00032756934524513781
vn 0 1 0
vn 0 0.9999997615814209 0.00065513869049027562
vn 0 0 1
vn 0 0 1
vn 0 0 1
vn 0 0 1
vn 0 -1 0
vn 0 -1 0
vn 0 -1 0
vn 0 -1 0
vn 0 1 0
vn 0 1 0
vn 0 1 0
vn 0 1 0
vn 0 -1 0
vn 0 -1 0
vn 0 -1 0
vn 0 -1 0
vn 0 0 -1
vn 0 0 -1
vn 0 0 -1
vn 0 0 -1
vn 0 0 -1
vn 0 0 -1
vn 0 1 0
vn 0 1 0
vn 0 1 0
vn 0 1 0
vn 0 0 1
vn 0 0 1
vn 0 0 1
vn 0 0 1
vn 0 -1 0
vn 0 -1 0
vn 0 -1 0
vn 0 -1 0
vn 0 0 -1
vn 0 0 -1
vn 0 0 -1
vn 0 0 -1
vn 0 -1 0
vn 0 -1 0
vn 0 -1 0
vn 0 -1 0
vn 0 0 1
vn 0 0 1
vn 0 0 1
vn 0 0 1
vn 0 0 -1
vn 0 0 -1
vn 0 0 -1
vn 0 0 -1
vn 0 0 -1
vn 0 0 -1
vn 0 0 -1
vn 0 0 -1
vn 0 0 -1
vn 0 0 -1
vn 0 0 -1
vn 0 0 -1
vn -1 0 0
vn -1 0 0
vn -1 0 0
vn -1 0 0
vn -1 0 0
vn -1 0 0
vn -1 0 0
vn -1 0 0
vn -1 0 0
vn -1 0 0
vn -1 0 0
vn 0 0 -1
vn 0 0 -1
vn 0 0 -1
vn 0 0 -1
vn 0 0 -1
vn 0 0 -1
vn 0 0 -1
vn 0 0 -1
vn 0 0 -1
vn 0 0 -1
vn 0 0 -1
vn 0 0 -1
vn 0 0 -1
vn 0 0 -1
vn 0 0 -1
vn 0 0 -1
vn 0 0 -1
vn 0 0 -1
vn 0 0 -1
vn 0 0 -1
vn 0 0 -1
vn 0 1 0
vn 0 1 0
vn 0 1 0
vn 0 0 -1
vn 0 0 -1
vn 0 0 -1
vn 0 0 -1
vn 0 0 -1
vn 0 0 -1
vn 0 0 -1
vn 0 0 -1
vn 0 0 -1
vn 0 0 -1
vn 0 0 -1
vn 0 0 -1
vn 0 0 -1
vn 0 0 -1
vn 0 0 -1
vn 0 0 -1
vn 0 0 -1
vn 0 0 -1
vn 0 0 -1
vn 0 0 -1
vn 0 0 -1
vn 0 0 -1
vn 0 0 -1
vn 0 0 -1
vn 0 0 -1
vn 0 0 -1
vn 0 0 -1
vn 0 0 -1
vn 0 0 -1
vn 0 0 -1
vn 0 0 -1
vn 0 0 -1
vn 0 0 -1
vn 0 0 -1
vn 0 0 -1
vn 0 0 -1
vn 0 0 -1
vn 0 1 0
vn 0 1 0
vn 0 1 0
vn 0 0 -1
vn 0 0 -1
vn 0 0 -1
vn 0 0 -1
vn 0 0 -1
vn 0 0 -1
vn 0 0 -1
vn 0 0 -1
vn 0 1 0
vn 0 1 0
vn 0 1 0
vn 0 0 -1
vn 0 0 -1
vn 0 0 -1
vn 0 0 -1
vn 0 0 -1
vn 0 1 0
vn 0 1 0
vn 0 1 0
vn 0 0 -1
vn 0 0 -1
vn 0 0 -1
vn 0 0 -1
vn 0 0 -1
vn 0 0 -1
vn 0 1 0
vn 0 1 0
vn 0 1 0
vn 0 1 0
vn 0 1 0
vn 0 1 0
vn 0 0 -1
vn 0 1 0
vn 0 1 0
vn 0 1 0
vn 0 0 -1
vn 0 0 -1
vn 0 1 0
vn 0 1 0
vn 0 1 0
vn 0 1 0
vn 0 1 0
vn 0 1 0
vn 0 0 -1
vn 0 0 -1
vn 0 0 -1
vn 0 0 -1
vn 0 0 -1
vn 0 0 -1
vn 0 0 -1
vn 0 1 0
vn 0 1 0
vn 0 1 0
vn 0 1 0
vn 0 1 0
vn 0 1 0
vn 0 0.9999997615814209 0.00065513869049027562
vn 0 0.99999994039535522 0.00024567701620981097
vn 0 0 1
vn 0 0 1
vn 0 0 1
vn 0 0 1
vn 0 1 0
vn 0 1 0
vn 0 1 0
vn 0 1 0
vn 0 1 0
vn 0 0 -1
vn 0 0 -1
vn 0 0 -1
vn 0 0 -1
vn 0 0 -1
vn 0 0 -1
vn 0 0 -1
vn 0 0 -1
vn 0 0 -1
vn 0 0 -1
vn 0 0 -1
vn 0 0 -1
vn 0 0 -1
vn 0 0 -1
vn 0 0 -1
vn 0 0 -1
vn 0 0 -1
vn 0 0 -1
vn 0 0 -1
vn -1 0 0
vn -1 0 0
vn -1 0 0
vn -1 0 0
vn 0 1 0
vn 0 -1 0
vn 0 -1 0
vn 1 0 0
vn 1 0 0
vn 1 0 0
vn 1 0 0
vn -1 0 0
vn -1 0 0
vn -1 0 0
vn -1 0 0
vn -1 0 0
vn -1 0 0
vn -1 0 0
vn -1 0 0
vn -1 0 0
vn -0.99999892711639404 -0.0010456221643835306 0.0010481167118996382
vn -0.99999839067459106 -0.00089472118997946382 0.0015694702742621303
vn -0.99999839067459106 -0.001789439469575882 0
vn -0.99999904632568359 -0.00089827424380928278 0.0010481165954843163
vn -0.99999910593032837 -0.0013474096776917577 2.7051937649957836E-06
vn -0.99999910593032837 -0.0013473967555910349 0
vn 0 0 -1
vn 0 0 1
vn 0 0 1
vn 0 0 1
vn 0 0 -1
vn 0 0 -1
vn 0 0 -1
vn -1 0 0
vn -1 0 0
vn -1 0 0
vn -1 0 0
vn -1 0 0
vn -1 0 0
vn -1 0 0
vn -1 0 0
vn -1 0 0
vn -1 0 0
vn -1 0 0
vn -1 0 0
vn -1 0 0
vn -1 0 0
vn -1 0 0
vn -1 0 0
vn -1 0 0
vn -1 0 0
vn -1 0 0
vn -1 0 0
vn -1 0 0
vn -1 0 0
vn -1 0 0
vn -1 0 0
vn -1 0 0
vn -1 0 0
vn -1 0 0
vn -1 0 0
vn -1 0 0
vn -1 0 0
vn -1 0 0
vn -1 0 0
vn -1 0 0
vn -1 0 0
vn -1 0 0
vn -1 0 0
vn 0 1 0
vn 0 1 0
vn 0 1 0
vn -1 0 0
vn -1 0 0
vn -1 0 0
vn -1 0 0
vn -1 0 0
vn -1 0 0
vn -1 0 0
vn -1 0 0
vn -1 0 0
vn -1 0 0
vn -1 0 0
vn -1 0 0
vn -1 0 0
vn -1 0 0
vn -1 0 0
vn -1 0 0
vn -1 0 0
vn -1 0 0
vn -1 0 0
vn -1 0 0
vn -1 0 0
vn -1 0 0
vn -1 0 0
vn -1 0 0
vn -1 0 0
vn -1 0 0
vn -1 0 0
vn -1 0 0
vn -1 0 0
vn -1 0 0
vn -1 0 0
vn -1 0 0
vn -1 0 0
vn 0 1 0
vn 0 1 0
vn 0 1 0
vn -1 0 0
vn -1 0 0
vn -1 0 0
vn -1 0 0
vn -1 0 0
vn 0 1 0
vn 0 1 0
vn 0 1 0
vn 0 1 0
vn 0 1 0
vn 0 1 0
vn 0 1 0
vn 0 1 0
vn 0 1 0
vn 0 1 0
vn 0 1 0
vn 0 1 0
vn -1 0 0
vn -1 0 0
vn -1 0 0
vn -1 0 0
vn -1 0 0
vn 0 -0.99940502643585205 0.034491021186113358
vn 0 -0.99940502643585205 0.034491021186113358
vn 0 0 1
vn 0 0 1
vn 0 0 1
vn 0 0 1
vn 1 0 0
vn 1 0 0
vn 1 0 0
vn 1 0 0
vn 0 1 0
vn 0 1 0
vn 0 1 0
vn 0 1 0
vn 0 0 -1
vn 0 0 -1
vn 0 0 -1
vn 0 0 -1
vn 0 0 -1
vn 0 0 -1
vn 0 0 -1
vn 0 0 -1
vn 0 0 -1
vn 0 0 -1
vn 0 0 -1
vn 0 0 -1
vn 0 0 -1
vn 0 0 -1
vn 0 0 -1
vn 0 1 0
vn 0 1 0
vn 0 1 0
vn 0 1 0
vn 0 -1 0
vn 0 -1 0
vn 0 -1 0
vn 0 -1 0
vn 0 0 -1
vn 0 0 -1
vn 0 0 -1
vn 0 0 -1
vn 0 -1 0
vn 0 -1 0
vn 0 -1 0
vn 0 -1 0
vn 0 0 -1
vn 0 0 -1
vn 0 0 -1
vn 0 0 -1
vn -1 0 0
vn -1 0 0
vn -1 0 0
vn -1 0 0
vn -1 0 0
vn -1 0 0
vn -1 0 0
vn -1 0 0
vn 0 0 1
vn 0 0 1
vn 0 0 1
vn 0 0 1
vn 0 0 1
vn 0 0 1
vn 0 0 1
vn 0 0 1
vn 0 1 0
vn 0 1 0
vn 0 1 0
vn 0 1 0
vn 1 0 0
vn 1 0 0
vn 1 0 0
vn 1 0 0
vn 1 0 0
vn 1 0 0
vn 1 0 0
vn 1 0 0
vn -1 0 0
vn -1 0 0
vn -1 0 0
vn -1 0 0
vn 0 -1 0
vn 0 -1 0
vn 0 -1 0
vn 0 -1 0
vn 0 0 -1
vn 0 0 -1
vn 0 0 -1
vn 0 0 -1
vn 0 0 1
vn 0 0 1
vn 0 0 1
vn 0 0 1
vn 0 0 1
vn 0 0 1
vn 0 0 1
vn 0 0 1
vn 0 -1 0
vn 0 -1 0
vn 0 -1 0
vn 0 -1 0
vn 0 1 0
vn 0 1 0
vn 0 1 0
vn 0 1 0
vn 1 0 0
vn 1 0 0
vn 1 0 0
vn 1 0 0
vn 1 0 0
vn 1 0 0
vn 1 0 0
vn 1 0 0
vn 0 0 -1
vn 0 0 -1
vn 0 0 -1
vn 0 0 -1
vn 0 1 0
vn 0 1 0
vn 0 1 0
vn 0 1 0
vn -1 0 0
vn -1 0 0
vn -1 0 0
vn -1 0 0
vn -1 0 0
vn -1 0 0
vn -1 0 0
vn -1 0 0
vn -1 0 0
vn -1 0 0
vn -1 0 0
vn -1 0 0
vn -1 0 0
vn -1 0 0
vn -1 0 0
vn -1 0 0
vn -1 0 0
vn -1 0 0
vn -1 0 0
vn -1 0 0
vn 1 0 0
vn 1 0 0
vn 1 0 0
vn 1 0 0
vn 1 0 0
vn 1 0 0
vn 1 0 0
vn 1 0 0
vn 0 1 0
vn 0 1 0
vn 0 1 0
vn 0 1 0
vn 0 0 -1
vn 0 0 -1
vn 0 0 -1
vn 0 0 -1
vn 0 -1 0
vn 0 -1 0
vn 0 -1 0
vn 0 -1 0
vn 0 0 1
vn 0 0 1
vn 0 0 1
vn 0 0 1
vn 0 0 -1
vn 0 0 -1
vn 0 0 -1
vn 0 0 -1
vn 0 -1 0
vn 0 -1 0
vn 0 -1 0
vn 0 -1 0
vn 0 1 0
vn 0 1 0
vn 0 1 0
vn 0 1 0
vn 0 0 1
vn 0 0 1
vn 0 0 1
vn 0 0 1
vn -1 0 0
vn -1 0 0
vn -1 0 0
vn -1 0 0
vn 0 0 1
vn 0 0 1
vn 0 0 1
vn 0 0 1
vn 0 0 1
vn 0 0 1
vn 0 0 1
vn 0 0 1
vn 1 0 0
vn 1 0 0
vn 1 0 0
vn 1 0 0
vn 0 -1 0
vn 0 -1 0
vn 0 -1 0
vn 0 -1 0
vn -1 0 0
vn -1 0 0
vn -1 0 0
vn -1 0 0
vn 0 1 0
vn 0 1 0
vn 0 1 0
vn 0 1 0
vn 0 0 -1
vn 0 0 -1
vn 0 0 -1
vn 0 0 -1
vn 0 0 -1
vn 0 0 -1
vn 0 0 -1
vn 0 0 -1
vn 0 1 0
vn 0 1 0
vn 0 1 0
vn 0 1 0
vn -1 0 0
vn -1 0 0
vn -1 0 0
vn -1 0 0
vn 0 -1 0
vn 0 -1 0
vn 0 -1 0
vn 0 -1 0
vn 1 0 0
vn 1 0 0
vn 1 0 0
vn 1 0 0
vn 0 0 -1
vn 0 0 -1
vn 0 0 -1
vn 0 0 -1
vn -1 0 0
vn -1 0 0
vn -1 0 0
vn -1 0 0
vn -1 0 0
vn -1 0 0
vn -1 0 0
vn -1 0 0
vn -1 0 0
vn -1 0 0
vn 0 0 -1
vn 0 0 -1
vn 0 0 -1
vn 0 0 -1
vn 0 0 -1
vn 0 0 -1
vn 0 0 -1
vn 0 0 -1
vn 0 0 1
vn 0 0 1
vn 0 0 1
vn 0 0 1
vn 0 1 0
vn 0 1 0
vn 0 1 0
vn 0 1 0
vn 0 -1 0
vn 0 -1 0
vn 0 -1 0
vn 0 -1 0
vn 0 1 0
vn 0 1 0
vn 0 1 0
vn 0 1 0
vn 0 0 1
vn 0 0 1
vn 0 0 1
vn 0 0 1
vn 1 0 0
vn 1 0 0
vn 1 0 0
vn 1 0 0
vn 1 0 0
vn 1 0 0
vn 1 0 0
vn 1 0 0
vn 0 -1 0
vn 0 -1 0
vn 0 -1 0
vn 0 -1 0
vn 1 0 0
vn 1 0 0
vn 1 0 0
vn 1 0 0
vn 0 0 -1
vn 0 0 -1
vn 0 0 -1
vn 0 0 -1
vn 1 0 0
vn 1 0 0
vn 1 0 0
vn 1 0 0
vn 1 0 0
vn 1 0 0
vn 1 0 0
vn 1 0 0
vn 0 1 0
vn 0 1 0
vn 0 1 0
vn 0 1 0
vn 0 0 -1
vn 0 0 -1
vn 0 0 -1
vn 0 0 -1
vn -1 0 0
vn -1 0 0
vn -1 0 0
vn -1 0 0
vn -1 0 0
vn -1 0 0
vn -1 0 0
vn -1 0 0
vn -1 0 0
vn -1 0 0
vn 0 0 1
vn 0 0 1
vn 0 0 1
vn 0 0 1
vn 0 -1 0
vn 0 -1 0
vn 0 -1 0
vn 0 -1 0
vn 0 -1 0
vn 0 -1 0
vn 0 -1 0
vn 0 -1 0
vn 0 0 1
vn 0 0 1
vn 0 0 1
vn 0 0 1
vn 0 -1 0
vn 0 -1 0
vn 0 -1 0
vn 0 -1 0
vn 0 0 -1
vn 0 0 -1
vn 0 0 -1
vn 0 0 -1
vn 1 0 0
vn 1 0 0
vn 1 0 0
vn 1 0 0
vn 1 0 0
vn 1 0 0
vn 1 0 0
vn 1 0 0
vn 0 1 0
vn 0 1 0
vn 0 1 0
vn 0 1 0
vn 0 0 -1
vn 0 0 -1
vn 0 0 -1
vn 0 0 -1
vn -1 0 0
vn -1 0 0
vn -1 0 0
vn -1 0 0
vn -1 0 0
vn -1 0 0
vn -1 0 0
vn -1 0 0
vn -1 0 0
vn -1 0 0
vn 0 0 1
vn 0 0 1
vn 0 0 1
vn 0 0 1
vn 0 -1 0
vn 0 -1 0
vn 0 -1 0
vn 0 -1 0
vn 0 -1 0
vn 0 -1 0
vn 0 -1 0
vn 0 -1 0
vn 0 0 1
vn 0 0 1
vn 0 0 1
vn 0 0 1
vn 0 -1 0
vn 0 -1 0
vn 0 -1 0
vn 0 -1 0
vn 0 0 1
vn 0 0 1
vn 0 0 1
vn 0 0 1
vn 0 0 1
vn 0 0 1
vn 0 0 1
vn 0 0 1
vn 1 0 0
vn 1 0 0
vn 1 0 0
vn 1 0 0
vn 0 -1 0
vn 0 -1 0
vn 0 -1 0
vn 0 -1 0
vn -1 0 0
vn -1 0 0
vn -1 0 0
vn -1 0 0
vn 0 1 0
vn 0 1 0
vn 0 1 0
vn 0 1 0
vn 0 0 -1
vn 0 0 -1
vn 0 0 -1
vn 0 0 -1
vn 0 0 -1
vn 0 0 -1
vn 0 0 -1
vn 0 0 -1
vn 0 1 0
vn 0 1 0
vn 0 1 0
vn 0 1 0
vn -1 0 0
vn -1 0 0
vn -1 0 0
vn -1 0 0
vn 0 -1 0
vn 0 -1 0
vn 0 -1 0
vn 0 -1 0
vn 1 0 0
vn 1 0 0
vn 1 0 0
vn 1 0 0
vn 0 0 -1
vn 0 0 -1
vn 0 0 -1
vn 0 0 -1
vn 0 0 1
vn 0 0 1
vn 0 0 1
vn 0 0 1
vn 0 0 1
vn 0 0 1
vn 0 0 1
vn 0 0 1
vn 1 0 0
vn 1 0 0
vn 1 0 0
vn 1 0 0
vn 0 -1 0
vn 0 -1 0
vn 0 -1 0
vn 0 -1 0
vn -1 0 0
vn -1 0 0
vn -1 0 0
vn -1 0 0
vn 0 1 0
vn 0 1 0
vn 0 1 0
vn 0 1 0
vn 0 0 -1
vn 0 0 -1
vn 0 0 -1
vn 0 0 -1
vn 0 0 -1
vn 0 0 -1
vn 0 0 -1
vn 0 0 -1
vn 0 0 -1
vn 0 1 0
vn 0 1 0
vn 0 1 0
vn 0 1 0
vn -1 0 0
vn -1 0 0
vn -1 0 0
vn -1 0 0
vn 0 -1 0
vn 0 -1 0
vn 0 -1 0
vn 0 -1 0
vn 1 0 0
vn 1 0 0
vn 1 0 0
vn 1 0 0
vn 0 0 -1
vn 0 0 -1
vn 0 0 -1
vn 0 0 -1
vn 0 0 1
vn 0 0 1
vn 0 0 1
vn 0 0 1
vn 0 0 1
vn 0 0 1
vn 0 0 1
vn 0 0 1
vn 1 0 0
vn 1 0 0
vn 1 0 0
vn 1 0 0
vn 0 -1 0
vn 0 -1 0
vn 0 -1 0
vn 0 -1 0
vn -1 0 0
vn -1 0 0
vn -1 0 0
vn -1 0 0
vn 0 1 0
vn 0 1 0
vn 0 1 0
vn 0 1 0
vn 0 0 -1
vn 0 0 -1
vn 0 0 -1
vn 0 0 -1
vn 0 0 -1
vn 0 0 -1
vn 0 0 -1
vn 0 0 -1
vn 0 1 0
vn 0 1 0
vn 0 1 0
vn 0 1 0
vn -1 0 0
vn -1 0 0
vn -1 0 0
vn -1 0 0
vn 0 -1 0
vn 0 -1 0
vn 0 -1 0
vn 0 -1 0
vn 1 0 0
vn 1 0 0
vn 1 0 0
vn 1 0 0
vn 0 0 -1
vn 0 0 -1
vn 0 0 -1
vn 0 0 -1
vn 0 0 1
vn 0 0 1
vn 0 0 1
vn 0 0 1
vn 0 0 1
vn 0 0 1
vn 0 0 1
vn 0 0 1
vn 1 0 0
vn 1 0 0
vn 1 0 0
vn 1 0 0
vn 0 -1 0
vn 0 -1 0
vn 0 -1 0
vn 0 -1 0
vn -1 0 0
vn -1 0 0
vn -1 0 0
vn -1 0 0
vn 0 1 0
vn 0 1 0
vn 0 1 0
vn 0 1 0
vn 0 0 -1
vn 0 0 -1
vn 0 0 -1
vn 0 0 -1
vn 0 0 -1
vn 0 0 -1
vn 0 0 -1
vn 0 0 -1
vn 0 1 0
vn 0 1 0
vn 0 1 0
vn 0 1 0
vn -1 0 0
vn -1 0 0
vn -1 0 0
vn -1 0 0
vn 0 -1 0
vn 0 -1 0
vn 0 -1 0
vn 0 -1 0
vn 1 0 0
vn 1 0 0
vn 1 0 0
vn 1 0 0
vn 0 0 -1
vn 0 0 -1
vn 0 0 -1
vn 0 0 -1
vn 0 0 1
vn 0 0 1
vn 0 0 1
vn 0 0 1
vn 0 0 1
vn 0 0 1
vn 0 0 1
vn 0 0 1
vn 1 0 0
vn 1 0 0
vn 1 0 0
vn 1 0 0
vn 0 -1 0
vn 0 -1 0
vn 0 -1 0
vn 0 -1 0
vn -1 0 0
vn -1 0 0
vn -1 0 0
vn -1 0 0
vn 0 1 0
vn 0 1 0
vn 0 1 0
vn 0 1 0
vn 0 0 -1
vn 0 0 -1
vn 0 0 -1
vn 0 0 -1
vn 0 0 -1
vn 0 0 -1
vn 0 0 -1
vn 0 0 -1
vn 0 1 0
vn 0 1 0
vn 0 1 0
vn 0 1 0
vn -1 0 0
vn -1 0 0
vn -1 0 0
vn -1 0 0
vn 0 -1 0
vn 0 -1 0
vn 0 -1 0
vn 0 -1 0
vn 1 0 0
vn 1 0 0
vn 1 0 0
vn 1 0 0
vn 0 0 -1
vn 0 0 -1
vn 0 0 -1
vn 0 0 -1
f 544//544 545//545 543//543 560//560 559//559 550//550 561//561 553//553 552//552 550//550 551//551 549//549 548//548 547//547 546//546
f 555//555 556//556 554//554 548//548 557//557 559//559 558//558
f 562//562 563//563 592//592 569//569 567//567 563//563 565//565 566//566 577//577 576//576 583//583 579//579 580//580 578//578 581//581 564//564 582//582 584//584 585//585 575//575 574//574 590//590 591//591 573//573 572//572 568//568 586//586 585//585 571//571 570//570 564//564
f 594//594 595//595 593//593 596//596
f 598//598 599//599 597//597 600//600
f 602//602 603//603 601//601 604//604
f 606//606 607//607 605//605 608//608
f 618//618 619//619 617//617 620//620 621//621
f 623//623 624//624 622//622 625//625
f 627//627 628//628 626//626 629//629
f 631//631 632//632 630//630 633//633
f 635//635 636//636 634//634 637//637
f 639//639 640//640 638//638 641//641
f 643//643 644//644 642//642 645//645
f 647//647 648//648 646//646 649//649
f 651//651 652//652 650//650 653//653
f 655//655 656//656 654//654 657//657
f 659//659 660//660 658//658 661//661
f 663//663 664//664 662//662 665//665
f 667//667 668//668 666//666 669//669
f 671//671 672//672 675//675 674//674 670//670 673//673
f 677//677 678//678 676//676 679//679
f 681//681 682//682 680//680 683//683
f 685//685 686//686 684//684 687//687
f 689//689 690//690 688//688 691//691
f 693//693 694//694 692//692 695//695
f 697//697 698//698 696//696 699//699
f 701//701 702//702 700//700 703//703
f 705//705 706//706 704//704 707//707
f 709//709 710//710 708//708 711//711 1185//1185 1184//1184
f 714//714 712//712 715//715 713//713 1190//1190 1191//1191
f 717//717 718//718 1189//1189 1188//1188 716//716 719//719
f 722//722 720//720 723//723 721//721 1186//1186 1187//1187
f 725//725 726//726 724//724 727//727
f 729//729 730//730 728//728 731//731
f 733//733 734//734 732//732 735//735
f 737//737 738//738 736//736 739//739
f 741//741 742//742 740//740 743//743
f 745//745 746//746 744//744 747//747
f 749//749 750//750 748//748 751//751
f 754//754 752//752 755//755 753//753 756//756 757//757
f 759//759 760//760 758//758 761//761
f 761//761 762//762 764//764 763//763
f 766//766 767//767 765//765 771//771 769//769
f 773//773 774//774 772//772 775//775
f 777//777 778//778 776//776 779//779
f 781//781 782//782 780//780 783//783
f 785//785 786//786 784//784 787//787
f 789//789 790//790 788//788 791//791
f 793//793 794//794 792//792 795//795
f 797//797 798//798 796//796 799//799
f 801//801 802//802 800//800 803//803
f 805//805 806//806 804//804 807//807
f 809//809 810//810 808//808 811//811
f 813//813 814//814 812//812 815//815
f 817//817 818//818 816//816 819//819
f 821//821 822//822 820//820 823//823
f 825//825 826//826 824//824 827//827
f 830//830 828//828 831//831 829//829 1059//1059 1060//1060
f 833//833 834//834 832//832 835//835 1058//1058 1057//1057
f 838//838 836//836 839//839 837//837 1063//1063 1064//1064
f 841//841 842//842 1062//1062 1061//1061 840//840 843//843
f 845//845 846//846 844//844 847//847
f 849//849 850//850 848//848 851//851
f 853//853 854//854 852//852 855//855
f 857//857 858//858 856//856 860//860 861//861 859//859
f 863//863 864//864 862//862 865//865
f 867//867 868//868 866//866 869//869
f 871//871 872//872 870//870 873//873
f 875//875 876//876 874//874 877//877
f 879//879 880//880 878//878 881//881
f 891//891 892//892 890//890 893//893
f 895//895 896//896 894//894 897//897
f 899//899 900//900 898//898 901//901
f 903//903 904//904 902//902 905//905
f 907//907 908//908 906//906 909//909
f 919//919 920//920 918//918 921//921
f 923//923 924//924 939//939 938//938 936//936 934//934 947//947 946//946 933//933 931//931 932//932 930//930 937//937 935//935 922//922 926//926 933//933 948//948 928//928 927//927 929//929 951//951 928//928 949//949 953//953 950//950 954//954 956//956 957//957 958//958 955//955 952//952 925//925
f 960//960 961//961 959//959 963//963 962//962
f 965//965 966//966 964//964 967//967
f 969//969 970//970 968//968 971//971
f 973//973 974//974 972//972 975//975
f 977//977 978//978 976//976 979//979 981//981 980//980
f 990//990 991//991 993//993 992//992
f 995//995 996//996 994//994 997//997
f 1002//1002 1003//1003 1005//1005 1004//1004
f 1010//1010 1011//1011 1013//1013 1014//1014 1012//1012
f 1016//1016 1017//1017 1015//1015 1018//1018
f 1020//1020 1022//1022 1024//1024 1025//1025 1023//1023
f 1030//1030 1031//1031 1029//1029 1034//1034 1032//1032 1033//1033
f 1036//1036 1037//1037 1035//1035 1039//1039 1038//1038
f 1041//1041 1042//1042 1044//1044 1045//1045 1040//1040 1043//1043
f 1048//1048 1046//1046 1049//1049 1047//1047 1051//1051 1052//1052 1050//1050
f 1054//1054 1055//1055 1053//1053 1056//1056
f 1066//1066 1067//1067 1065//1065 1069//1069 1068//1068
f 1071//1071 1072//1072 1070//1070 1073//1073
f 1075//1075 1076//1076 1074//1074 1078//1078 1077//1077
f 1080//1080 1081//1081 1079//1079 1082//1082
f 1084//1084 1085//1085 1083//1083 1086//1086
f 1088//1088 1089//1089 1087//1087 1090//1090
f 1092//1092 1093//1093 1096//1096 1095//1095 1091//1091 1094//1094
f 1098//1098 1099//1099 1097//1097 1095//1095
f 1102//1102 1100//1100 1103//1103 1101//1101 1105//1105 1106//1106 1104//1104
f 1108//1108 1109//1109 1107//1107 1110//1110
f 1112//1112 1113//1113 1111//1111 1115//1115 1114//1114
f 1117//1117 1118//1118 1116//1116 1119//1119
f 1121//1121 1122//1122 1120//1120 1125//1125 1124//1124 1123//1123
f 1127//1127 1128//1128 1126//1126 1130//1130 1132//1132 1133//1133 1131//1131 1129//1129
f 1135//1135 1136//1136 1134//1134 1137//1137
f 1139//1139 1140//1140 1138//1138 1141//1141
f 1143//1143 1144//1144 1142//1142 1145//1145
f 1147//1147 1148//1148 1146//1146 1149//1149
f 1151//1151 1152//1152 1150//1150 1153//1153
f 1155//1155 1156//1156 1154//1154 1157//1157 1180//1180 1183//1183 1181//1181 1182//1182
f 1165//1165 1166//1166 1164//1164 1167//1167
f 1169//1169 1170//1170 1168//1168 1171//1171
f 1173//1173 1174//1174 1172//1172 1175//1175
f 1177//1177 1178//1178 1176//1176 1179//1179
f 1193//1193 1194//1194 1192//1192 1195//1195
f 1197//1197 1198//1198 1196//1196 1199//1199
f 1201//1201 1202//1202 1200//1200 1203//1203
f 1205//1205 1206//1206 1204//1204 1207//1207
f 1214//1214 1215//1215 1217//1217 1218//1218 1216//1216
f 1223//1223 1225//1225 1227//1227 1220//1220 1229//1229 1230//1230 1228//1228 1226//1226
f 1231//1231 1232//1232 1235//1235 1236//1236 1234//1234 1238//1238 1237//1237 1233//1233
f 1243//1243 1244//1244 1242//1242 1245//1245
f 1250//1250 1252//1252 1254//1254 1253//1253
f 1256//1256 1257//1257 1255//1255 1258//1258
f 1260//1260 1261//1261 1259//1259 1262//1262
f 1264//1264 1265//1265 1263//1263 1266//1266
f 1268//1268 1269//1269 1267//1267 1270//1270
f 1272//1272 1273//1273 1271//1271 1274//1274
f 1276//1276 1277//1277 1275//1275 1278//1278
f 1280//1280 1281//1281 1279//1279 1282//1282
f 1285//1285 1283//1283 1286//1286 1284//1284 1287//1287 1288//1288
f 1290//1290 1291//1291 1289//1289 1292//1292 1294//1294 1293//1293
f 1296//1296 1297//1297 1295//1295 1299//1299 1300//1300 1298//1298
f 1302//1302 1303//1303 1301//1301 1304//1304
f 1307//1307 1305//1305 1308//1308 1306//1306 1309//1309 1310//1310
f 1312//1312 1313//1313 1311//1311 1314//1314
f 1316//1316 1317//1317 1315//1315 1318//1318
f 1320//1320 1321//1321 1319//1319 1322//1322
f 1324//1324 1325//1325 1323//1323 1327//1327 1326//1326 1652//1652
f 1329//1329 1330//1330 1328//1328 1331//1331 1333//1333 1332//1332
f 1335//1335 1336//1336 1880//1880 1846//1846 1847//1847 1334//1334 1338//1338 1337//1337
f 1341//1341 1339//1339 1342//1342 1340//1340 1361//1361 1365//1365 1363//1363 1364//1364 1362//1362
f 1344//1344 1345//1345 1343//1343 1346//1346 1348//1348 1347//1347
f 1350//1350 1351//1351 1349//1349 1352//1352
f 1354//1354 1355//1355 1353//1353 1356//1356
f 1358//1358 1359//1359 1357//1357 1360//1360
f 1367//1367 1368//1368 1366//1366 1369//1369
f 1371//1371 1372//1372 1370//1370 1373//1373
f 1375//1375 1376//1376 1374//1374 1378//1378 1379//1379 1377//1377
f 1381//1381 1382//1382 1380//1380 1383//1383
f 1385//1385 1386//1386 1384//1384 1387//1387
f 1389//1389 1390//1390 1388//1388 1391//1391
f 1393//1393 1389//1389 1392//1392 1394//1394
f 1396//1396 1397//1397 1395//1395 1398//1398
f 1400//1400 1401//1401 1399//1399 1402//1402
f 1405//1405 1403//1403 1406//1406 1404//1404 1425//1425 1426//1426
f 1408//1408 1409//1409 1407//1407 1410//1410 1412//1412 1414//1414 1413//1413 1411//1411
f 1416//1416 1417//1417 1415//1415 1418//1418
f 1420//1420 1421//1421 1419//1419 1422//1422 1423//1423 1424//1424
f 1428//1428 1429//1429 1427//1427 1430//1430
f 1433//1433 1431//1431 1435//1435 1437//1437 1438//1438 1436//1436 1434//1434 1432//1432 1881//1881 1882//1882
f 1440//1440 1441//1441 1439//1439 1442//1442
f 1459//1459 1460//1460 1458//1458 1461//1461
f 1463//1463 1464//1464 1462//1462 1465//1465
f 1467//1467 1468//1468 1466//1466 1469//1469
f 1477//1477 1478//1478 1476//1476 1479//1479
f 1481//1481 1482//1482 1480//1480 1483//1483
f 1486//1486 1484//1484 1487//1487 1490//1490 1489//1489 1488//1488 1485//1485 1491//1491 1493//1493 1492//1492
f 1495//1495 1496//1496 1494//1494 1498//1498 1501//1501 1499//1499 1552//1552 1551//1551 1550//1550 1548//1548 1549//1549 1500//1500 1497//1497
f 1575//1575 1573//1573 1576//1576 1579//1579 1578//1578 1577//1577 1574//1574 1583//1583
f 1585//1585 1586//1586 1584//1584 1587//1587
f 1589//1589 1590//1590 1588//1588 1591//1591
f 1596//1596 1597//1597 1595//1595 1598//1598
f 1600//1600 1601//1601 1599//1599 1602//1602
f 1604//1604 1605//1605 1603//1603 1607//1607 1608//1608 1606//1606
f 1610//1610 1611//1611 1609//1609 1612//1612
f 1614//1614 1615//1615 1613//1613 1616//1616
f 1618//1618 1619//1619 1622//1622 1624//1624 1623//1623 1621//1621 1617//1617 1620//1620
f 1626//1626 1627//1627 1625//1625 1628//1628
f 1630//1630 1631//1631 1629//1629 1632//1632
f 1634//1634 1635//1635 1633//1633 1636//1636
f 1638//1638 1639//1639 1637//1637 1640//1640
f 1642//1642 1643//1643 1641//1641 1644//1644
f 1646//1646 1647//1647 1645//1645 1648//1648
f 1650//1650 1651//1651 1649//1649 1324//1324
f 1654//1654 1655//1655 1653//1653 1656//1656
f 1658//1658 1659//1659 1657//1657 1660//1660
f 1662//1662 1663//1663 1661//1661 1664//1664
f 1666//1666 1667//1667 1665//1665 1668//1668
f 1670//1670 1671//1671 1669//1669 1672//1672
f 1674//1674 1675//1675 1673//1673 1677//1677 1678//1678 1676//1676
f 1680//1680 1681//1681 1679//1679 1682//1682
f 1684//1684 1685//1685 1683//1683 1686//1686
f 1688//1688 1689//1689 1687//1687 1690//1690
f 1692//1692 1693//1693 1691//1691 1694//1694
f 1696//1696 1697//1697 1695//1695 1698//1698
f 1700//1700 1701//1701 1699//1699 1702//1702
f 1704//1704 1705//1705 1703//1703 1706//1706
f 1708//1708 1709//1709 1707//1707 1710//1710
f 1712//1712 1713//1713 1711//1711 1714//1714
f 1717//1717 1715//1715 1718//1718 1720//1720 1721//1721 1719//1719 1716//1716 1725//1725
f 1719//1719 1722//1722 1724//1724 1723//1723
f 1743//1743 1744//1744 1742//1742 1746//1746 1745//1745
f 1753//1753 1750//1750 1754//1754 1756//1756 1757//1757 1760//1760 1758//1758 1839//1839 1759//1759 1755//1755
f 1762//1762 1763//1763 1761//1761 1779//1779 1812//1812 1810//1810 1811//1811 1809//1809 1813//1813 1821//1821 1814//1814 1773//1773 1765//1765 1764//1764
f 1767//1767 1768//1768 1766//1766 1770//1770 1773//1773 1771//1771 1772//1772 1769//1769
f 1777//1777 1774//1774 1778//1778 1779//1779
f 1781//1781 1782//1782 1780//1780 1785//1785 1790//1790 1771//1771 1786//1786 1784//1784 1783//1783
f 1846//1846 1654//1654 1656//1656 1847//1847
f 1849//1849 1850//1850 1848//1848 1851//1851
f 1853//1853 1854//1854 1852//1852 1856//1856 1855//1855
f 1865//1865 1866//1866 1864//1864 1870//1870 1869//1869 1871//1871 1868//1868 1867//1867
f 1873//1873 1874//1874 1872//1872 1875//1875
f 1877//1877 1878//1878 1876//1876 1879//1879
f 1884//1884 1885//1885 1883//1883 1886//1886
f 1888//1888 1889//1889 1887//1887 1895//1895 1894//1894 1893//1893 1892//1892 1890//1890 1891//1891
f 1897//1897 1898//1898 1896//1896 1899//1899
f 1900//1900 1901//1901 1899//1899 1896//1896
f 1911//1911 1909//1909 1912//1912 1913//1913 1910//1910 1925//1925
f 1916//1916 1914//1914 1937//1937 1935//1935 1939//1939 1940//1940 1933//1933 1934//1934 1936//1936 1938//1938 1966//1966 1964//1964 1961//1961 1987//1987 1950//1950 1948//1948 1951//1951 1952//1952 1949//1949 1988//1988 1986//1986 1963//1963 1962//1962 1959//1959 1960//1960 1958//1958 1967//1967 1965//1965 1984//1984 1985//1985 1917//1917 1915//1915 1918//1918
f 1916//1916 1919//1919 1920//1920 1968//1968 1970//1970 1973//1973 1975//1975 1974//1974 1972//1972 1976//1976 1977//1977 1971//1971 1969//1969 1922//1922 1980//1980 1978//1978 1979//1979 1923//1923 1921//1921
f 1929//1929 1926//1926 1930//1930 1931//1931
f 1941//1941 1942//1942 1928//1928 1944//1944 1943//1943
f 1952//1952 1953//1953 1955//1955 1957//1957 1956//1956 1954//1954
f 2002//2002 2003//2003 2001//2001 2005//2005 2004//2004
f 2006//2006 1585//1585 1587//1587 2007//2007
f 2009//2009 2010//2010 2008//2008 2011//2011
f 2013//2013 2014//2014 2012//2012 2015//2015
f 2017//2017 2018//2018 2016//2016 2019//2019
f 2021//2021 2022//2022 2020//2020 2023//2023 2032//2032 2033//2033 2034//2034
f 2025//2025 2026//2026 2024//2024 2027//2027
f 2028//2028 2029//2029 2031//2031 2030//2030
f 2036//2036 2037//2037 2035//2035 2038//2038
f 2040//2040 2041//2041 2039//2039 2042//2042
f 2044//2044 2045//2045 2043//2043 2046//2046
f 2048//2048 2049//2049 2047//2047 2050//2050
f 2052//2052 2053//2053 2051//2051 2054//2054
f 2064//2064 2065//2065 2063//2063 2066//2066
f 2068//2068 2069//2069 2067//2067 2070//2070
f 2072//2072 2073//2073 2071//2071 2074//2074
f 2084//2084 2085//2085 2083//2083 2086//2086
f 2088//2088 2089//2089 2087//2087 2090//2090
f 2092//2092 2093//2093 2091//2091 2094//2094
f 2096//2096 2097//2097 2095//2095 2098//2098
f 2100//2100 2101//2101 2099//2099 2102//2102
f 2104//2104 2105//2105 2103//2103 2106//2106
f 2108//2108 2109//2109 2107//2107 2110//2110
f 2120//2120 2121//2121 2119//2119 2122//2122
f 2124//2124 2125//2125 2123//2123 2126//2126
f 2136//2136 2137//2137 2135//2135 2138//2138
f 2156//2156 2157//2157 2155//2155 2158//2158
f 2160//2160 2161//2161 2159//2159 2162//2162
f 2164//2164 2165//2165 2163//2163 2166//2166
f 2168//2168 2169//2169 2167//2167 2170//2170
f 2172//2172 2173//2173 2171//2171 2174//2174
f 2176//2176 2177//2177 2175//2175 2178//2178
f 2180//2180 2181//2181 2179//2179 2182//2182
f 2184//2184 2185//2185 2183//2183 2186//2186
f 2188//2188 2189//2189 2187//2187 2190//2190
f 2200//2200 2201//2201 2199//2199 2202//2202
f 2204//2204 2205//2205 2203//2203 2206//2206
f 2208//2208 2209//2209 2207//2207 2210//2210
f 2212//2212 2213//2213 2211//2211 2214//2214
f 2224//2224 2225//2225 2223//2223 2226//2226
f 2228//2228 2229//2229 2227//2227 2230//2230
f 2232//2232 2233//2233 2231//2231 2234//2234
f 2236//2236 2237//2237 2235//2235 2238//2238
f 2240//2240 2241//2241 2239//2239 2242//2242
f 2245//2245 2243//2243 2246//2246 2244//2244 2251//2251 2250//2250 2248//2248 2249//2249 2252//2252
f 2254//2254 2255//2255 2253//2253 2256//2256
f 2258//2258 2259//2259 2257//2257 2260//2260
f 2262//2262 2263//2263 2261//2261 2264//2264
f 2266//2266 2267//2267 2265//2265 2268//2268
f 2270//2270 2271//2271 2269//2269 2272//2272
f 2274//2274 2275//2275 2273//2273 2276//2276
f 2278//2278 2279//2279 2277//2277 2280//2280
f 2290//2290 2291//2291 2289//2289 2292//2292
f 2294//2294 2295//2295 2293//2293 2296//2296
f 2298//2298 2299//2299 2297//2297 2300//2300
f 2302//2302 2303//2303 2301//2301 2308//2308 2305//2305 2306//2306 2304//2304 2307//2307
f 2310//2310 2311//2311 2309//2309 2312//2312
f 2314//2314 2315//2315 2313//2313 2316//2316
f 2319//2319 2317//2317 2320//2320 2318//2318 2326//2326
f 2322//2322 2323//2323 2325//2325 2324//2324
f 2328//2328 2329//2329 2327//2327 2330//2330
f 2332//2332 2333//2333 2331//2331 2334//2334
f 2336//2336 2337//2337 2335//2335 2338//2338
f 2340//2340 2341//2341 2339//2339 2342//2342
f 2344//2344 2345//2345 2343//2343 2346//2346
f 2348//2348 2349//2349 2347//2347 2350//2350
f 2352//2352 2353//2353 2351//2351 2358//2358 2355//2355 2356//2356 2354//2354 2357//2357
f 2360//2360 2361//2361 2359//2359 2362//2362
f 2364//2364 2365//2365 2363//2363 2366//2366
f 2369//2369 2367//2367 2370//2370 2368//2368 2376//2376
f 2372//2372 2373//2373 2375//2375 2374//2374
f 2378//2378 2379//2379 2377//2377 2380//2380
f 2382//2382 2383//2383 2381//2381 2384//2384
f 2386//2386 2387//2387 2385//2385 2388//2388
f 2390//2390 2391//2391 2389//2389 2392//2392
f 2394//2394 2395//2395 2393//2393 2396//2396
f 2406//2406 2407//2407 2405//2405 2408//2408
f 2410//2410 2411//2411 2409//2409 2412//2412
f 2414//2414 2415//2415 2413//2413 2416//2416
f 2418//2418 2419//2419 2417//2417 2420//2420
f 2430//2430 2431//2431 2429//2429 2432//2432
f 2434//2434 2435//2435 2433//2433 2436//2436
f 2438//2438 2439//2439 2437//2437 2440//2440
f 2442//2442 2443//2443 2441//2441 2444//2444
f 2446//2446 2447//2447 2445//2445 2448//2448
f 2458//2458 2459//2459 2457//2457 2460//2460
f 2462//2462 2463//2463 2461//2461 2464//2464
f 2466//2466 2467//2467 2465//2465 2468//2468
f 2470//2470 2471//2471 2469//2469 2472//2472
f 2475//2475 2473//2473 2476//2476 2481//2481 2479//2479 2480//2480 2478//2478 2477//2477 2474//2474 2480//2480
f 2483//2483 2484//2484 2482//2482 2485//2485
f 2487//2487 2488//2488 2486//2486 2489//2489
f 2491//2491 2492//2492 2490//2490 2493//2493
f 2495//2495 2496//2496 2494//2494 2497//2497
f 2499//2499 2500//2500 2498//2498 2501//2501
f 2511//2511 2512//2512 2510//2510 2513//2513
f 2515//2515 2516//2516 2514//2514 2517//2517
f 2519//2519 2520//2520 2518//2518 2521//2521
f 2523//2523 2524//2524 2522//2522 2525//2525
f 2535//2535 2536//2536 2534//2534 2537//2537
f 2539//2539 2540//2540 2538//2538 2541//2541
f 2543//2543 2544//2544 2542//2542 2545//2545
f 2547//2547 2548//2548 2546//2546 2549//2549
f 2551//2551 2552//2552 2550//2550 2553//2553
f 2563//2563 2564//2564 2562//2562 2565//2565
f 2567//2567 2568//2568 2566//2566 2569//2569
f 2571//2571 2572//2572 2570//2570 2573//2573
f 2575//2575 2576//2576 2574//2574 2577//2577
f 2587//2587 2588//2588 2586//2586 2589//2589
f 2591//2591 2592//2592 2590//2590 2593//2593
f 2595//2595 2596//2596 2594//2594 2597//2597
f 2599//2599 2600//2600 2598//2598 2601//2601
f 2603//2603 2604//2604 2602//2602 2605//2605
f 2615//2615 2616//2616 2614//2614 2617//2617
f 2619//2619 2620//2620 2618//2618 2621//2621
f 2623//2623 2624//2624 2622//2622 2625//2625
f 2627//2627 2628//2628 2626//2626 2629//2629
f 2639//2639 2640//2640 2638//2638 2641//2641
f 2643//2643 2644//2644 2642//2642 2645//2645
f 2647//2647 2648//2648 2646//2646 2649//2649
f 2651//2651 2652//2652 2650//2650 2653//2653
f 2655//2655 2656//2656 2654//2654 2657//2657
f 479//479 480//480 481//481
f 480//480 482//482 483//483
f 483//483 484//484 485//485
f 486//486 487//487 488//488
f 487//487 489//489 490//490
f 487//487 490//490 491//491
f 491//491 490//490 492//492
f 490//490 493//493 494//494
f 494//494 495//495 496//496
f 496//496 497//497 498//498
f 498//498 499//499 500//500
f 501//501 502//502 503//503
f 504//504 505//505 506//506
f 505//505 504//504 485//485
f 505//505 485//485 507//507
f 507//507 485//485 508//508
f 508//508 485//485 509//509
f 509//509 485//485 484//484
f 508//508 509//509 510//510
f 507//507 508//508 492//492
f 507//507 492//492 511//511
f 511//511 492//492 490//490
f 507//507 511//511 512//512
f 505//505 507//507 500//500
f 505//505 500//500 499//499
f 505//505 499//499 501//501
f 496//496 512//512 511//511
f 512//512 496//496 498//498
f 487//487 510//510 509//509
f 510//510 487//487 491//491
f 513//513 514//514 515//515
f 514//514 513//513 516//516
f 514//514 516//516 517//517
f 517//517 516//516 518//518
f 517//517 518//518 519//519
f 519//519 518//518 520//520
f 520//520 518//518 521//521
f 518//518 516//516 522//522
f 522//522 516//516 523//523
f 524//524 525//525 526//526
f 525//525 524//524 527//527
f 515//515 528//528 529//529
f 528//528 515//515 514//514
f 530//530 531//531 532//532
f 533//533 534//534 535//535
f 529//529 528//528 521//521
f 529//529 521//521 536//536
f 536//536 521//521 537//537
f 537//537 521//521 518//518
f 536//536 537//537 538//538
f 536//536 523//523 539//539
f 539//539 523//523 526//526
f 526//526 523//523 516//516
f 539//539 526//526 525//525
f 536//536 539//539 540//540
f 519//519 541//541 542//542
f 541//541 519//519 520//520
f 587//587 588//588 589//589
f 609//609 610//610 611//611
f 610//610 609//609 612//612
f 610//610 612//612 613//613
f 613//613 612//612 614//614
f 611//611 615//615 616//616
f 615//615 611//611 610//610
f 616//616 615//615 614//614
f 616//616 614//614 612//612
f 768//768 769//769 770//770
f 882//882 883//883 884//884
f 883//883 882//882 885//885
f 883//883 885//885 886//886
f 886//886 885//885 887//887
f 884//884 888//888 889//889
f 888//888 884//884 883//883
f 889//889 888//888 887//887
f 889//889 887//887 885//885
f 910//910 911//911 912//912
f 911//911 910//910 913//913
f 911//911 913//913 914//914
f 914//914 913//913 915//915
f 912//912 916//916 917//917
f 916//916 912//912 911//911
f 917//917 916//916 915//915
f 917//917 915//915 913//913
f 940//940 941//941 942//942
f 943//943 944//944 945//945
f 982//982 983//983 984//984
f 983//983 985//985 986//986
f 986//986 987//987 988//988
f 988//988 989//989 990//990
f 998//998 999//999 1000//1000
f 999//999 1001//1001 1002//1002
f 1006//1006 1007//1007 1008//1008
f 1007//1007 1009//1009 1010//1010
f 1019//1019 1020//1020 1021//1021
f 1026//1026 1027//1027 1028//1028
f 1158//1158 1159//1159 1160//1160
f 1161//1161 1162//1162 1163//1163
f 1208//1208 1209//1209 1210//1210
f 1209//1209 1211//1211 1212//1212
f 1212//1212 1213//1213 1214//1214
f 1219//1219 1220//1220 1221//1221
f 1222//1222 1223//1223 1224//1224
f 1239//1239 1240//1240 1241//1241
f 1246//1246 1247//1247 1248//1248
f 1249//1249 1250//1250 1251//1251
f 1443//1443 1444//1444 1445//1445
f 1444//1444 1443//1443 1446//1446
f 1446//1446 1443//1443 1447//1447
f 1445//1445 1448//1448 1449//1449
f 1448//1448 1445//1445 1450//1450
f 1448//1448 1450//1450 1451//1451
f 1450//1450 1445//1445 1444//1444
f 1451//1451 1450//1450 1447//1447
f 1451//1451 1447//1447 1443//1443
f 1451//1451 1443//1443 1452//1452
f 1452//1452 1443//1443 1453//1453
f 1451//1451 1452//1452 1454//1454
f 1455//1455 1456//1456 1457//1457
f 1470//1470 1471//1471 1472//1472
f 1473//1473 1474//1474 1475//1475
f 1501//1501 1502//1502 1503//1503
f 1501//1501 1503//1503 1504//1504
f 1504//1504 1503//1503 1505//1505
f 1504//1504 1505//1505 1506//1506
f 1506//1506 1505//1505 1507//1507
f 1507//1507 1505//1505 1508//1508
f 1508//1508 1505//1505 1509//1509
f 1509//1509 1505//1505 1510//1510
f 1501//1501 1511//1511 1508//1508
f 1511//1511 1501//1501 1504//1504
f 1508//1508 1511//1511 1507//1507
f 1512//1512 1513//1513 1514//1514
f 1515//1515 1516//1516 1517//1517
f 1515//1515 1517//1517 1518//1518
f 1518//1518 1517//1517 1519//1519
f 1520//1520 1521//1521 1522//1522
f 1521//1521 1520//1520 1503//1503
f 1521//1521 1503//1503 1523//1523
f 1523//1523 1503//1503 1524//1524
f 1523//1523 1524//1524 1525//1525
f 1525//1525 1524//1524 1526//1526
f 1525//1525 1526//1526 1527//1527
f 1527//1527 1526//1526 1528//1528
f 1528//1528 1526//1526 1529//1529
f 1529//1529 1526//1526 1530//1530
f 1524//1524 1503//1503 1531//1531
f 1531//1531 1503//1503 1502//1502
f 1526//1526 1532//1532 1533//1533
f 1532//1532 1526//1526 1524//1524
f 1533//1533 1532//1532 1534//1534
f 1533//1533 1534//1534 1535//1535
f 1535//1535 1534//1534 1536//1536
f 1536//1536 1534//1534 1537//1537
f 1536//1536 1537//1537 1538//1538
f 1539//1539 1540//1540 1541//1541
f 1538//1538 1537//1537 1519//1519
f 1538//1538 1519//1519 1517//1517
f 1542//1542 1543//1543 1544//1544
f 1545//1545 1546//1546 1547//1547
f 1553//1553 1554//1554 1555//1555
f 1535//1535 1556//1556 1557//1557
f 1556//1556 1535//1535 1536//1536
f 1530//1530 1558//1558 1559//1559
f 1558//1558 1530//1530 1526//1526
f 1559//1559 1558//1558 1556//1556
f 1560//1560 1561//1561 1562//1562
f 1522//1522 1563//1563 1564//1564
f 1563//1563 1522//1522 1521//1521
f 1564//1564 1563//1563 1565//1565
f 1564//1564 1565//1565 1528//1528
f 1564//1564 1528//1528 1566//1566
f 1564//1564 1566//1566 1567//1567
f 1566//1566 1528//1528 1529//1529
f 1568//1568 1569//1569 1570//1570
f 1569//1569 1568//1568 1567//1567
f 1569//1569 1567//1567 1571//1571
f 1571//1571 1567//1567 1566//1566
f 1572//1572 1570//1570 1569//1569
f 1580//1580 1581//1581 1582//1582
f 1592//1592 1593//1593 1594//1594
f 1726//1726 1727//1727 1728//1728
f 1727//1727 1726//1726 1729//1729
f 1727//1727 1729//1729 1730//1730
f 1730//1730 1729//1729 1731//1731
f 1732//1732 1733//1733 1734//1734
f 1733//1733 1732//1732 1735//1735
f 1735//1735 1732//1732 1736//1736
f 1736//1736 1732//1732 1737//1737
f 1738//1738 1739//1739 1740//1740
f 1739//1739 1738//1738 1737//1737
f 1739//1739 1737//1737 1741//1741
f 1741//1741 1737//1737 1732//1732
f 1747//1747 1748//1748 1749//1749
f 1750//1750 1751//1751 1752//1752
f 1774//1774 1775//1775 1776//1776
f 1787//1787 1788//1788 1789//1789
f 1791//1791 1792//1792 1793//1793
f 1792//1792 1791//1791 1760//1760
f 1760//1760 1791//1791 1794//1794
f 1794//1794 1791//1791 1742//1742
f 1742//1742 1791//1791 1795//1795
f 1795//1795 1791//1791 1796//1796
f 1795//1795 1796//1796 1797//1797
f 1798//1798 1799//1799 1800//1800
f 1797//1797 1796//1796 1801//1801
f 1797//1797 1801//1801 1776//1776
f 1797//1797 1776//1776 1802//1802
f 1797//1797 1802//1802 1732//1732
f 1732//1732 1802//1802 1741//1741
f 1741//1741 1802//1802 1803//1803
f 1802//1802 1776//1776 1804//1804
f 1804//1804 1776//1776 1805//1805
f 1806//1806 1807//1807 1808//1808
f 1815//1815 1816//1816 1817//1817
f 1818//1818 1819//1819 1820//1820
f 1822//1822 1823//1823 1824//1824
f 1803//1803 1825//1825 1826//1826
f 1825//1825 1803//1803 1802//1802
f 1827//1827 1828//1828 1829//1829
f 1830//1830 1831//1831 1832//1832
f 1826//1826 1825//1825 1833//1833
f 1826//1826 1833//1833 1834//1834
f 1826//1826 1834//1834 1835//1835
f 1826//1826 1835//1835 1836//1836
f 1837//1837 1728//1728 1838//1838
f 1728//1728 1837//1837 1726//1726
f 1838//1838 1728//1728 1731//1731
f 1838//1838 1731//1731 1839//1839
f 1839//1839 1731//1731 1729//1729
f 1840//1840 1841//1841 1842//1842
f 1843//1843 1844//1844 1845//1845
f 1838//1838 1839//1839 1740//1740
f 1838//1838 1740//1740 1739//1739
f 1857//1857 1858//1858 1859//1859
f 1858//1858 1860//1860 1861//1861
f 1861//1861 1862//1862 1863//1863
f 1902//1902 1862//1862 1863//1863
f 1903//1903 1904//1904 1905//1905
f 1906//1906 1907//1907 1908//1908
f 1920//1920 1924//1924 1925//1925
f 1926//1926 1927//1927 1928//1928
f 1931//1931 1932//1932 1933//1933
f 1945//1945 1946//1946 1947//1947
f 1981//1981 1982//1982 1983//1983
f 1989//1989 1990//1990 1991//1991
f 1992//1992 1993//1993 1994//1994
f 1995//1995 1996//1996 1997//1997
f 1998//1998 1999//1999 2000//2000
f 2055//2055 2056//2056 2057//2057
f 2056//2056 2055//2055 2058//2058
f 2056//2056 2058//2058 2059//2059
f 2059//2059 2058//2058 2060//2060
f 2057//2057 2061//2061 2062//2062
f 2061//2061 2057//2057 2056//2056
f 2062//2062 2061//2061 2060//2060
f 2062//2062 2060//2060 2058//2058
f 2075//2075 2076//2076 2077//2077
f 2076//2076 2075//2075 2078//2078
f 2076//2076 2078//2078 2079//2079
f 2079//2079 2078//2078 2080//2080
f 2077//2077 2081//2081 2082//2082
f 2081//2081 2077//2077 2076//2076
f 2082//2082 2081//2081 2080//2080
f 2082//2082 2080//2080 2078//2078
f 2111//2111 2112//2112 2113//2113
f 2112//2112 2111//2111 2114//2114
f 2112//2112 2114//2114 2115//2115
f 2115//2115 2114//2114 2116//2116
f 2113//2113 2117//2117 2118//2118
f 2117//2117 2113//2113 2112//2112
f 2118//2118 2117//2117 2116//2116
f 2118//2118 2116//2116 2114//2114
f 2127//2127 2128//2128 2129//2129
f 2128//2128 2127//2127 2130//2130
f 2128//2128 2130//2130 2131//2131
f 2131//2131 2130//2130 2132//2132
f 2129//2129 2133//2133 2134//2134
f 2133//2133 2129//2129 2128//2128
f 2134//2134 2133//2133 2132//2132
f 2134//2134 2132//2132 2130//2130
f 2139//2139 2140//2140 2141//2141
f 2140//2140 2139//2139 2142//2142
f 2140//2140 2142//2142 2143//2143
f 2143//2143 2142//2142 2144//2144
f 2141//2141 2145//2145 2146//2146
f 2145//2145 2141//2141 2140//2140
f 2146//2146 2145//2145 2144//2144
f 2146//2146 2144//2144 2142//2142
f 2147//2147 2148//2148 2149//2149
f 2148//2148 2147//2147 2150//2150
f 2148//2148 2150//2150 2151//2151
f 2151//2151 2150//2150 2152//2152
f 2149//2149 2153//2153 2154//2154
f 2153//2153 2149//2149 2148//2148
f 2154//2154 2153//2153 2152//2152
f 2154//2154 2152//2152 2150//2150
f 2191//2191 2192//2192 2193//2193
f 2192//2192 2191//2191 2194//2194
f 2192//2192 2194//2194 2195//2195
f 2195//2195 2194//2194 2196//2196
f 2193//2193 2197//2197 2196//2196
f 2197//2197 2193//2193 2192//2192
f 2196//2196 2197//2197 2198//2198
f 2196//2196 2198//2198 2195//2195
f 2215//2215 2216//2216 2217//2217
f 2216//2216 2215//2215 2218//2218
f 2216//2216 2218//2218 2219//2219
f 2219//2219 2218//2218 2220//2220
f 2217//2217 2221//2221 2222//2222
f 2221//2221 2217//2217 2216//2216
f 2222//2222 2221//2221 2220//2220
f 2222//2222 2220//2220 2218//2218
f 2244//2244 2247//2247 2248//2248
f 2281//2281 2282//2282 2283//2283
f 2282//2282 2281//2281 2284//2284
f 2282//2282 2284//2284 2285//2285
f 2285//2285 2284//2284 2286//2286
f 2283//2283 2287//2287 2288//2288
f 2287//2287 2283//2283 2282//2282
f 2288//2288 2287//2287 2286//2286
f 2288//2288 2286//2286 2284//2284
f 2318//2318 2321//2321 2322//2322
f 2368//2368 2371//2371 2372//2372
f 2397//2397 2398//2398 2399//2399
f 2398//2398 2397//2397 2400//2400
f 2398//2398 2400//2400 2401//2401
f 2401//2401 2400//2400 2402//2402
f 2399//2399 2403//2403 2402//2402
f 2403//2403 2399//2399 2398//2398
f 2402//2402 2403//2403 2404//2404
f 2402//2402 2404//2404 2401//2401
f 2421//2421 2422//2422 2423//2423
f 2422//2422 2421//2421 2424//2424
f 2422//2422 2424//2424 2425//2425
f 2425//2425 2424//2424 2426//2426
f 2423//2423 2427//2427 2428//2428
f 2427//2427 2423//2423 2422//2422
f 2428//2428 2427//2427 2426//2426
f 2428//2428 2426//2426 2424//2424
f 2449//2449 2450//2450 2451//2451
f 2450//2450 2449//2449 2452//2452
f 2450//2450 2452//2452 2453//2453
f 2453//2453 2452//2452 2454//2454
f 2451//2451 2455//2455 2454//2454
f 2455//2455 2451//2451 2450//2450
f 2454//2454 2455//2455 2456//2456
f 2454//2454 2456//2456 2453//2453
f 2502//2502 2503//2503 2504//2504
f 2503//2503 2502//2502 2505//2505
f 2503//2503 2505//2505 2506//2506
f 2506//2506 2505//2505 2507//2507
f 2504//2504 2508//2508 2507//2507
f 2508//2508 2504//2504 2503//2503
f 2507//2507 2508//2508 2509//2509
f 2507//2507 2509//2509 2506//2506
f 2526//2526 2527//2527 2528//2528
f 2527//2527 2526//2526 2529//2529
f 2527//2527 2529//2529 2530//2530
f 2530//2530 2529//2529 2531//2531
f 2528//2528 2532//2532 2533//2533
f 2532//2532 2528//2528 2527//2527
f 2533//2533 2532//2532 2531//2531
f 2533//2533 2531//2531 2529//2529
f 2554//2554 2555//2555 2556//2556
f 2555//2555 2554//2554 2557//2557
f 2555//2555 2557//2557 2558//2558
f 2558//2558 2557//2557 2559//2559
f 2556//2556 2560//2560 2559//2559
f 2560//2560 2556//2556 2555//2555
f 2559//2559 2560//2560 2561//2561
f 2559//2559 2561//2561 2558//2558
f 2578//2578 2579//2579 2580//2580
f 2579//2579 2578//2578 2581//2581
f 2579//2579 2581//2581 2582//2582
f 2582//2582 2581//2581 2583//2583
f 2580//2580 2584//2584 2585//2585
f 2584//2584 2580//2580 2579//2579
f 2585//2585 2584//2584 2583//2583
f 2585//2585 2583//2583 2581//2581
f 2606//2606 2607//2607 2608//2608
f 2607//2607 2606//2606 2609//2609
f 2607//2607 2609//2609 2610//2610
f 2610//2610 2609//2609 2611//2611
f 2608//2608 2612//2612 2611//2611
f 2612//2612 2608//2608 2607//2607
f 2611//2611 2612//2612 2613//2613
f 2611//2611 2613//2613 2610//2610
f 2630//2630 2631//2631 2632//2632
f 2631//2631 2630//2630 2633//2633
f 2631//2631 2633//2633 2634//2634
f 2634//2634 2633//2633 2635//2635
f 2632//2632 2636//2636 2637//2637
f 2636//2636 2632//2632 2631//2631
f 2637//2637 2636//2636 2635//2635
f 2637//2637 2635//2635 2633//2633
usemtl diffuse_Black
v -134.1485595703125 -0.65410524606704712 456
v -134.1485595703125 95.345893859863281 458
v -134.1485595703125 -0.65410524606704712 458
v -134.1485595703125 95.345893859863281 456
v -136.1485595703125 93.345893859863281 456
v -136.1485595703125 1.3458946943283081 458
v -136.1485595703125 93.345893859863281 458
v -136.1485595703125 1.3458946943283081 456
v -183.1485595703125 95.345893859863281 456
v -183.1485595703125 -0.65410524606704712 458
v -183.1485595703125 95.345893859863281 458
v -183.1485595703125 -0.65410524606704712 456
v -181.1485595703125 1.3458946943283081 456
v -181.1485595703125 93.345893859863281 458
v -181.1485595703125 1.3458946943283081 458
v -181.1485595703125 93.345893859863281 456
v -183.1485595703125 -0.65410524606704712 456
v -181.1485595703125 1.3458946943283081 456
v -134.1485595703125 -0.65410524606704712 456
v -183.1485595703125 95.345893859863281 456
v -181.1485595703125 93.345893859863281 456
v -136.1485595703125 93.345893859863281 456
v -134.1485595703125 -0.65410524606704712 456
v -136.1485595703125 1.3458946943283081 456
v -134.1485595703125 95.345893859863281 456
v -134.1485595703125 95.345893859863281 458
v -183.1485595703125 95.345893859863281 456
v -183.1485595703125 95.345893859863281 458
v -134.1485595703125 95.345893859863281 456
v -136.1485595703125 1.3458946943283081 458
v -181.1485595703125 1.3458946943283081 456
v -181.1485595703125 1.3458946943283081 458
v -136.1485595703125 1.3458946943283081 456
v -136.1485595703125 93.345893859863281 456
v -181.1485595703125 93.345893859863281 458
v -181.1485595703125 93.345893859863281 456
v -136.1485595703125 93.345893859863281 458
v -134.1485595703125 -0.65410524606704712 456
v -183.1485595703125 -0.65410524606704712 458
v -183.1485595703125 -0.65410524606704712 456
v -134.1485595703125 -0.65410524606704712 458
v -134.1485595703125 -0.65410524606704712 458
v -136.1485595703125 1.3458946943283081 458
v -183.1485595703125 -0.65410524606704712 458
v -134.1485595703125 95.345893859863281 458
v -136.1485595703125 93.345893859863281 458
v -181.1485595703125 93.345893859863281 458
v -181.1485595703125 1.3458946943283081 458
v -183.1485595703125 95.345893859863281 458
v -181.1485595703125 93.345893859863281 456
v -136.1485595703125 1.3458946943283081 456
v -181.1485595703125 1.3458946943283081 456
v -136.1485595703125 93.345893859863281 456
vn 1 0 0
vn 1 0 0
vn 1 0 0
vn 1 0 0
vn -1 0 0
vn -1 0 0
vn -1 0 0
vn -1 0 0
vn -1 0 0
vn -1 0 0
vn -1 0 0
vn -1 0 0
vn 1 0 0
vn 1 0 0
vn 1 0 0
vn 1 0 0
vn 0 0 -1
vn 0 0 -1
vn 0 0 -1
vn 0 0 -1
vn 0 0 -1
vn 0 0 -1
vn 0 0 -1
vn 0 0 -1
vn 0 0 -1
vn 0 1 0
vn 0 1 0
vn 0 1 0
vn 0 1 0
vn 0 1 0
vn 0 1 0
vn 0 1 0
vn 0 1 0
vn 0 -1 0
vn 0 -1 0
vn 0 -1 0
vn 0 -1 0
vn 0 -1 0
vn 0 -1 0
vn 0 -1 0
vn 0 -1 0
vn 0 0 1
vn 0 0 1
vn 0 0 1
vn 0 0 1
vn 0 0 1
vn 0 0 1
vn 0 0 1
vn 0 0 1
vn 0 0 -1
vn 0 0 -1
vn 0 0 -1
vn 0 0 -1
f 2659//2659 2660//2660 2658//2658 2661//2661
f 2663//2663 2664//2664 2662//2662 2665//2665
f 2667//2667 2668//2668 2666//2666 2669//2669
f 2671//2671 2672//2672 2670//2670 2673//2673
f 2676//2676 2674//2674 2677//2677 2682//2682 2680//2680 2681//2681 2679//2679 2678//2678 2675//2675 2681//2681
f 2684//2684 2685//2685 2683//2683 2686//2686
f 2688//2688 2689//2689 2687//2687 2690//2690
f 2692//2692 2693//2693 2691//2691 2694//2694
f 2696//2696 2697//2697 2695//2695 2698//2698
f 2708//2708 2709//2709 2707//2707 2710//2710
f 2699//2699 2700//2700 2701//2701
f 2700//2700 2699//2699 2702//2702
f 2700//2700 2702//2702 2703//2703
f 2703//2703 2702//2702 2704//2704
f 2701//2701 2705//2705 2706//2706
f 2705//2705 2701//2701 2700//2700
f 2706//2706 2705//2705 2704//2704
f 2706//2706 2704//2704 2702//2702
